[2026-05-26T06:36:34Z] [LAPTOP-AHBS9745] [pull] already up to date
[2026-05-26T06:38:02Z] [LAPTOP-AHBS9745] [push] no .wabblespec/ changes — nothing to push
[2026-05-26T06:40:59Z] [LAPTOP-AHBS9745] [push] 3 file(s) changed: .wabblespec/memory/dream-log.json, .wabblespec/memory/gap-map.md, .wabblespec/memory/staleness-map.md
[2026-05-26T06:41:00Z] [LAPTOP-AHBS9745] [push] committed: wabblespec: sync LAPTOP-AHBS9745 2026-05-26T06:41:00Z
[2026-05-26T06:41:03Z] [LAPTOP-AHBS9745] [push] pushed to origin/main
[2026-05-26T06:42:42Z] [LAPTOP-AHBS9745] [push] 3 file(s) changed: .wabblespec/memory/dream-log.json, .wabblespec/memory/gap-map.md, .wabblespec/memory/staleness-map.md
[2026-05-26T06:42:42Z] [LAPTOP-AHBS9745] [push] committed: wabblespec: sync LAPTOP-AHBS9745 2026-05-26T06:42:42Z
[2026-05-26T06:42:45Z] [LAPTOP-AHBS9745] [push] pushed to origin/main
[2026-05-26T06:44:02Z] [LAPTOP-AHBS9745] [push] 3 file(s) changed: .wabblespec/memory/dream-log.json, .wabblespec/memory/gap-map.md, .wabblespec/memory/staleness-map.md
[2026-05-26T06:44:02Z] [LAPTOP-AHBS9745] [push] committed: wabblespec: sync LAPTOP-AHBS9745 2026-05-26T06:44:02Z
[2026-05-26T06:44:05Z] [LAPTOP-AHBS9745] [push] pushed to origin/main
[2026-05-26T06:47:59Z] [LAPTOP-AHBS9745] [push] 3 file(s) changed: .wabblespec/memory/dream-log.json, .wabblespec/memory/gap-map.md, .wabblespec/memory/staleness-map.md
[2026-05-26T06:47:59Z] [LAPTOP-AHBS9745] [push] committed: wabblespec: sync LAPTOP-AHBS9745 2026-05-26T06:47:59Z
[2026-05-26T06:48:03Z] [LAPTOP-AHBS9745] [push] pushed to origin/main
[2026-05-26T06:49:28Z] [LAPTOP-AHBS9745] [pull] already up to date
[2026-05-26T06:54:09Z] [LAPTOP-AHBS9745] [push] 3 file(s) changed: .wabblespec/memory/dream-log.json, .wabblespec/memory/gap-map.md, .wabblespec/memory/staleness-map.md
[2026-05-26T06:54:09Z] [LAPTOP-AHBS9745] [push] committed: wabblespec: sync LAPTOP-AHBS9745 2026-05-26T06:54:09Z
[2026-05-26T06:54:12Z] [LAPTOP-AHBS9745] [push] pushed to origin/main
[2026-05-26T07:12:31Z] [LAPTOP-AHBS9745] [push] 3 file(s) changed: .wabblespec/memory/dream-log.json, .wabblespec/memory/gap-map.md, .wabblespec/memory/staleness-map.md
[2026-05-26T07:12:31Z] [LAPTOP-AHBS9745] [push] committed: wabblespec: sync LAPTOP-AHBS9745 2026-05-26T07:12:31Z
[2026-05-26T07:12:36Z] [LAPTOP-AHBS9745] [push] pushed to origin/main
[2026-05-26T07:14:49Z] [LAPTOP-AHBS9745] [pull] already up to date
[2026-05-26T07:19:41Z] [LAPTOP-AHBS9745] [push] 3 file(s) changed: .wabblespec/memory/dream-log.json, .wabblespec/memory/gap-map.md, .wabblespec/memory/staleness-map.md
[2026-05-26T07:19:41Z] [LAPTOP-AHBS9745] [push] committed: wabblespec: sync LAPTOP-AHBS9745 2026-05-26T07:19:41Z
[2026-05-26T07:19:47Z] [LAPTOP-AHBS9745] [push] pushed to origin/main
[2026-05-26T07:25:09Z] [LAPTOP-AHBS9745] [push] 3 file(s) changed: .wabblespec/memory/dream-log.json, .wabblespec/memory/gap-map.md, .wabblespec/memory/staleness-map.md
[2026-05-26T07:25:09Z] [LAPTOP-AHBS9745] [push] committed: wabblespec: sync LAPTOP-AHBS9745 2026-05-26T07:25:09Z
[2026-05-26T07:25:12Z] [LAPTOP-AHBS9745] [push] pushed to origin/main
[2026-05-26T07:46:04Z] [LAPTOP-AHBS9745] [push] 3 file(s) changed: .wabblespec/memory/dream-log.json, .wabblespec/memory/gap-map.md, .wabblespec/memory/staleness-map.md
[2026-05-26T07:46:04Z] [LAPTOP-AHBS9745] [push] committed: wabblespec: sync LAPTOP-AHBS9745 2026-05-26T07:46:04Z
[2026-05-26T07:48:10Z] [LAPTOP-AHBS9745] [push] 3 file(s) changed: .wabblespec/memory/dream-log.json, .wabblespec/memory/gap-map.md, .wabblespec/memory/staleness-map.md
[2026-05-26T07:48:10Z] [LAPTOP-AHBS9745] [push] committed: wabblespec: sync LAPTOP-AHBS9745 2026-05-26T07:48:10Z
[2026-05-26T07:48:18Z] [LAPTOP-AHBS9745] [push] pushed to origin/main
[2026-05-26T07:55:28Z] [LAPTOP-AHBS9745] [pull] already up to date
[2026-05-26T08:02:56Z] [LAPTOP-AHBS9745] [push] 3 file(s) changed: .wabblespec/memory/dream-log.json, .wabblespec/memory/gap-map.md, .wabblespec/memory/staleness-map.md
[2026-05-26T08:02:56Z] [LAPTOP-AHBS9745] [push] committed: wabblespec: sync LAPTOP-AHBS9745 2026-05-26T08:02:56Z
[2026-05-26T08:03:04Z] [LAPTOP-AHBS9745] [push] pushed to origin/main
[2026-05-26T08:04:51Z] [LAPTOP-AHBS9745] [push] 3 file(s) changed: .wabblespec/memory/dream-log.json, .wabblespec/memory/gap-map.md, .wabblespec/memory/staleness-map.md
[2026-05-26T08:04:51Z] [LAPTOP-AHBS9745] [push] committed: wabblespec: sync LAPTOP-AHBS9745 2026-05-26T08:04:51Z
[2026-05-26T08:04:57Z] [LAPTOP-AHBS9745] [push] pushed to origin/main
[2026-05-26T08:09:10Z] [LAPTOP-AHBS9745] [push] 3 file(s) changed: .wabblespec/memory/dream-log.json, .wabblespec/memory/gap-map.md, .wabblespec/memory/staleness-map.md
[2026-05-26T08:09:11Z] [LAPTOP-AHBS9745] [push] committed: wabblespec: sync LAPTOP-AHBS9745 2026-05-26T08:09:11Z
[2026-05-26T08:09:14Z] [LAPTOP-AHBS9745] [push] pushed to origin/main
[2026-05-26T08:12:02Z] [LAPTOP-AHBS9745] [pull] already up to date
[2026-05-26T08:12:59Z] [LAPTOP-AHBS9745] [push] 3 file(s) changed: .wabblespec/memory/dream-log.json, .wabblespec/memory/gap-map.md, .wabblespec/memory/staleness-map.md
[2026-05-26T08:12:59Z] [LAPTOP-AHBS9745] [push] committed: wabblespec: sync LAPTOP-AHBS9745 2026-05-26T08:12:59Z
[2026-05-26T08:13:02Z] [LAPTOP-AHBS9745] [push] pushed to origin/main
[2026-05-26T08:13:18Z] [LAPTOP-AHBS9745] [push] 3 file(s) changed: .wabblespec/memory/dream-log.json, .wabblespec/memory/gap-map.md, .wabblespec/memory/staleness-map.md
[2026-05-26T08:13:18Z] [LAPTOP-AHBS9745] [push] committed: wabblespec: sync LAPTOP-AHBS9745 2026-05-26T08:13:18Z
[2026-05-26T08:13:22Z] [LAPTOP-AHBS9745] [push] pushed to origin/main
[2026-05-26T08:13:39Z] [LAPTOP-AHBS9745] [pull] already up to date
[2026-05-26T08:16:55Z] [LAPTOP-AHBS9745] [push] 3 file(s) changed: .wabblespec/memory/dream-log.json, .wabblespec/memory/gap-map.md, .wabblespec/memory/staleness-map.md
[2026-05-26T08:16:56Z] [LAPTOP-AHBS9745] [push] committed: wabblespec: sync LAPTOP-AHBS9745 2026-05-26T08:16:55Z
[2026-05-26T08:17:00Z] [LAPTOP-AHBS9745] [push] pushed to origin/main
[2026-05-26T08:22:31Z] [LAPTOP-AHBS9745] [push] 3 file(s) changed: .wabblespec/memory/dream-log.json, .wabblespec/memory/gap-map.md, .wabblespec/memory/staleness-map.md
[2026-05-26T08:22:31Z] [LAPTOP-AHBS9745] [push] committed: wabblespec: sync LAPTOP-AHBS9745 2026-05-26T08:22:31Z
[2026-05-26T08:22:34Z] [LAPTOP-AHBS9745] [push] pushed to origin/main
[2026-05-26T08:23:10Z] [LAPTOP-AHBS9745] [push] 3 file(s) changed: .wabblespec/memory/dream-log.json, .wabblespec/memory/gap-map.md, .wabblespec/memory/staleness-map.md
[2026-05-26T08:23:10Z] [LAPTOP-AHBS9745] [push] committed: wabblespec: sync LAPTOP-AHBS9745 2026-05-26T08:23:10Z
[2026-05-26T08:23:14Z] [LAPTOP-AHBS9745] [push] pushed to origin/main
[2026-05-26T08:26:06Z] [LAPTOP-AHBS9745] [push] 3 file(s) changed: .wabblespec/memory/dream-log.json, .wabblespec/memory/gap-map.md, .wabblespec/memory/staleness-map.md
[2026-05-26T08:26:06Z] [LAPTOP-AHBS9745] [push] committed: wabblespec: sync LAPTOP-AHBS9745 2026-05-26T08:26:06Z
[2026-05-26T08:26:10Z] [LAPTOP-AHBS9745] [push] pushed to origin/main
[2026-05-26T08:30:07Z] [LAPTOP-AHBS9745] [pull] already up to date
[2026-05-26T08:30:19Z] [LAPTOP-AHBS9745] [push] 3 file(s) changed: .wabblespec/memory/dream-log.json, .wabblespec/memory/gap-map.md, .wabblespec/memory/staleness-map.md
[2026-05-26T08:30:19Z] [LAPTOP-AHBS9745] [push] committed: wabblespec: sync LAPTOP-AHBS9745 2026-05-26T08:30:19Z
[2026-05-26T08:30:25Z] [LAPTOP-AHBS9745] [push] pushed to origin/main
[2026-05-26T08:33:50Z] [LAPTOP-AHBS9745] [push] 3 file(s) changed: .wabblespec/memory/dream-log.json, .wabblespec/memory/gap-map.md, .wabblespec/memory/staleness-map.md
[2026-05-26T08:33:50Z] [LAPTOP-AHBS9745] [push] committed: wabblespec: sync LAPTOP-AHBS9745 2026-05-26T08:33:50Z
[2026-05-26T08:33:55Z] [LAPTOP-AHBS9745] [push] pushed to origin/main
[2026-05-26T08:36:16Z] [LAPTOP-AHBS9745] [push] 3 file(s) changed: .wabblespec/memory/dream-log.json, .wabblespec/memory/gap-map.md, .wabblespec/memory/staleness-map.md
[2026-05-26T08:36:16Z] [LAPTOP-AHBS9745] [push] committed: wabblespec: sync LAPTOP-AHBS9745 2026-05-26T08:36:16Z
[2026-05-26T08:36:17Z] [LAPTOP-AHBS9745] [push] 3 file(s) changed: .wabblespec/memory/dream-log.json, .wabblespec/memory/gap-map.md, .wabblespec/memory/staleness-map.md
[2026-05-26T08:36:17Z] [LAPTOP-AHBS9745] [push] committed: wabblespec: sync LAPTOP-AHBS9745 2026-05-26T08:36:17Z
[2026-05-26T08:36:21Z] [LAPTOP-AHBS9745] [push] pushed to origin/main
[2026-05-26T08:36:22Z] [LAPTOP-AHBS9745] [push] push failed (will retry next session): To https://github.com/GG-Santos/wabblespec.git
 ! [remote rejected] main -> main (cannot lock ref 'refs/heads/main': is at e47c9799a1e3c15b2c25d07fc88139127cb6a16c but expected ef399407b0bebc994380d28
[2026-05-26T08:38:19Z] [LAPTOP-AHBS9745] [push] 3 file(s) changed: .wabblespec/memory/dream-log.json, .wabblespec/memory/gap-map.md, .wabblespec/memory/staleness-map.md
[2026-05-26T08:38:19Z] [LAPTOP-AHBS9745] [push] committed: wabblespec: sync LAPTOP-AHBS9745 2026-05-26T08:38:19Z
[2026-05-26T08:38:25Z] [LAPTOP-AHBS9745] [push] pushed to origin/main
[2026-05-26T10:01:31Z] [LAPTOP-AHBS9745] [push] 3 file(s) changed: .wabblespec/memory/dream-log.json, .wabblespec/memory/gap-map.md, .wabblespec/memory/staleness-map.md
[2026-05-26T10:01:31Z] [LAPTOP-AHBS9745] [push] committed: wabblespec: sync LAPTOP-AHBS9745 2026-05-26T10:01:31Z
[2026-05-26T10:01:35Z] [LAPTOP-AHBS9745] [push] pushed to origin/main
[2026-05-27T09:28:10Z] [LAPTOP-AHBS9745] [push] no .wabblespec/ changes — nothing to push
[2026-05-27T09:37:45Z] [LAPTOP-AHBS9745] [pull] already up to date
[2026-05-27T09:47:58Z] [LAPTOP-AHBS9745] [push] 1 file(s) changed: .wabblespec/state/logs/sync.log
[2026-05-27T09:47:58Z] [LAPTOP-AHBS9745] [push] committed: wabblespec: sync LAPTOP-AHBS9745 2026-05-27T09:47:58Z
[2026-05-27T09:48:04Z] [LAPTOP-AHBS9745] [push] pushed to origin/main
[2026-05-27T10:01:54Z] [LAPTOP-AHBS9745] [push] 1 file(s) changed: .wabblespec/state/logs/sync.log
[2026-05-27T10:01:55Z] [LAPTOP-AHBS9745] [push] committed: wabblespec: sync LAPTOP-AHBS9745 2026-05-27T10:01:54Z
[2026-05-27T10:02:02Z] [LAPTOP-AHBS9745] [push] pushed to origin/main
[2026-05-27T10:04:52Z] [LAPTOP-AHBS9745] [pull] already up to date
[2026-05-27T10:05:03Z] [LAPTOP-AHBS9745] [pull] already up to date
[2026-05-27T10:39:53Z] [LAPTOP-AHBS9745] [push] 1 file(s) changed: .wabblespec/state/logs/sync.log
[2026-05-27T10:39:53Z] [LAPTOP-AHBS9745] [push] committed: wabblespec: sync LAPTOP-AHBS9745 2026-05-27T10:39:53Z
[2026-05-27T10:39:56Z] [LAPTOP-AHBS9745] [push] pushed to origin/main
[2026-05-27T10:45:08Z] [LAPTOP-AHBS9745] [push] 1 file(s) changed: .wabblespec/state/logs/sync.log
[2026-05-27T10:45:09Z] [LAPTOP-AHBS9745] [push] committed: wabblespec: sync LAPTOP-AHBS9745 2026-05-27T10:45:09Z
[2026-05-27T10:45:13Z] [LAPTOP-AHBS9745] [push] pushed to origin/main
[2026-05-27T10:58:30Z] [LAPTOP-AHBS9745] [push] 1 file(s) changed: .wabblespec/state/logs/sync.log
[2026-05-27T10:58:30Z] [LAPTOP-AHBS9745] [push] committed: wabblespec: sync LAPTOP-AHBS9745 2026-05-27T10:58:30Z
[2026-05-27T10:58:33Z] [LAPTOP-AHBS9745] [push] pushed to origin/main
[2026-05-27T10:59:35Z] [LAPTOP-AHBS9745] [pull] already up to date
[2026-05-27T13:33:36Z] [LAPTOP-AHBS9745] [pull] already up to date
[2026-05-27T13:58:19Z] [LAPTOP-AHBS9745] [push] 1 file(s) changed: .wabblespec/state/logs/sync.log
[2026-05-27T13:58:19Z] [LAPTOP-AHBS9745] [push] committed: wabblespec: sync LAPTOP-AHBS9745 2026-05-27T13:58:19Z
[2026-05-27T13:58:24Z] [LAPTOP-AHBS9745] [push] pushed to origin/main
[2026-05-27T14:06:27Z] [LAPTOP-AHBS9745] [push] 4 file(s) changed: .wabblespec/engine/shared/references/index.yml, .wabblespec/state/logs/sync.log, .wabblespec/engine/shared/references/context-compression-bounds.md, .wabblespec/engine/shared/references/system-prompt-tiers.md
[2026-05-27T14:06:27Z] [LAPTOP-AHBS9745] [push] committed: wabblespec: sync LAPTOP-AHBS9745 2026-05-27T14:06:27Z
[2026-05-27T14:06:31Z] [LAPTOP-AHBS9745] [push] pushed to origin/main
[2026-05-27T14:16:50Z] [LAPTOP-AHBS9745] [push] 4 file(s) changed: .wabblespec/engine/shared/references/guard-policy-reference.md, .wabblespec/engine/shared/references/index.yml, .wabblespec/state/logs/sync.log, .wabblespec/engine/shared/references/prompt-injection-patterns.md
[2026-05-27T14:16:51Z] [LAPTOP-AHBS9745] [push] committed: wabblespec: sync LAPTOP-AHBS9745 2026-05-27T14:16:51Z
[2026-05-27T14:16:54Z] [LAPTOP-AHBS9745] [push] pushed to origin/main
[2026-05-27T14:23:12Z] [LAPTOP-AHBS9745] [push] 3 file(s) changed: .wabblespec/state/logs/sync.log, .wabblespec/wabblespec.yaml, .wabblespec/engine/shared/scripts/validate-module-registry.py
[2026-05-27T14:23:12Z] [LAPTOP-AHBS9745] [push] committed: wabblespec: sync LAPTOP-AHBS9745 2026-05-27T14:23:12Z
[2026-05-27T14:23:16Z] [LAPTOP-AHBS9745] [push] pushed to origin/main
[2026-05-27T14:31:01Z] [LAPTOP-AHBS9745] [push] 5 file(s) changed: .wabblespec/engine/modules/l1/apply/SKILL.md, .wabblespec/engine/modules/l2/executor/SKILL.md, .wabblespec/engine/modules/l2/guard/SKILL.md, .wabblespec/engine/shared/scripts/quality-floor-check.py, .wabblespec/state/logs/sync.log
[2026-05-27T14:31:02Z] [LAPTOP-AHBS9745] [push] committed: wabblespec: sync LAPTOP-AHBS9745 2026-05-27T14:31:01Z
[2026-05-27T14:31:06Z] [LAPTOP-AHBS9745] [push] pushed to origin/main
[2026-05-27T14:33:03Z] [LAPTOP-AHBS9745] [push] 2 file(s) changed: .wabblespec/engine/shared/scripts/quality-floor-check.py, .wabblespec/state/logs/sync.log
[2026-05-27T14:33:03Z] [LAPTOP-AHBS9745] [push] committed: wabblespec: sync LAPTOP-AHBS9745 2026-05-27T14:33:03Z
[2026-05-27T14:33:06Z] [LAPTOP-AHBS9745] [push] pushed to origin/main
[2026-05-27T14:33:35Z] [LAPTOP-AHBS9745] [pull] already up to date
[2026-05-27T14:33:47Z] [LAPTOP-AHBS9745] [pull] already up to date
[2026-05-27T14:37:10Z] [LAPTOP-AHBS9745] [push] 1 file(s) changed: .wabblespec/state/logs/sync.log
[2026-05-27T14:37:10Z] [LAPTOP-AHBS9745] [push] committed: wabblespec: sync LAPTOP-AHBS9745 2026-05-27T14:37:10Z
[2026-05-27T14:37:16Z] [LAPTOP-AHBS9745] [push] pushed to origin/main
[2026-05-27T14:41:10Z] [LAPTOP-AHBS9745] [pull] already up to date
[2026-05-27T14:48:58Z] [LAPTOP-AHBS9745] [push] 2 file(s) changed: .wabblespec/state/logs/sync.log, .wabblespec/wabblespec.yaml
[2026-05-27T14:48:58Z] [LAPTOP-AHBS9745] [push] committed: wabblespec: sync LAPTOP-AHBS9745 2026-05-27T14:48:58Z
[2026-05-27T14:49:02Z] [LAPTOP-AHBS9745] [push] pushed to origin/main
[2026-05-27T14:54:57Z] [LAPTOP-AHBS9745] [pull] already up to date
[2026-05-27T14:58:08Z] [LAPTOP-AHBS9745] [pull] already up to date
[2026-05-27T15:04:15Z] [LAPTOP-AHBS9745] [push] 1 file(s) changed: .wabblespec/state/logs/sync.log
[2026-05-27T15:04:15Z] [LAPTOP-AHBS9745] [push] committed: wabblespec: sync LAPTOP-AHBS9745 2026-05-27T15:04:15Z
[2026-05-27T15:04:22Z] [LAPTOP-AHBS9745] [push] pushed to origin/main
[2026-05-27T15:06:10Z] [LAPTOP-AHBS9745] [push] 1 file(s) changed: .wabblespec/state/logs/sync.log
[2026-05-27T15:06:10Z] [LAPTOP-AHBS9745] [push] committed: wabblespec: sync LAPTOP-AHBS9745 2026-05-27T15:06:10Z
[2026-05-27T15:06:15Z] [LAPTOP-AHBS9745] [push] pushed to origin/main
[2026-05-27T15:07:14Z] [LAPTOP-AHBS9745] [push] 1 file(s) changed: .wabblespec/state/logs/sync.log
[2026-05-27T15:07:14Z] [LAPTOP-AHBS9745] [push] committed: wabblespec: sync LAPTOP-AHBS9745 2026-05-27T15:07:14Z
[2026-05-27T15:07:18Z] [LAPTOP-AHBS9745] [push] pushed to origin/main
[2026-05-27T15:23:01Z] [LAPTOP-AHBS9745] [pull] already up to date
[2026-05-27T15:33:30Z] [LAPTOP-AHBS9745] [push] 1 file(s) changed: .wabblespec/state/logs/sync.log
[2026-05-27T15:33:30Z] [LAPTOP-AHBS9745] [push] committed: wabblespec: sync LAPTOP-AHBS9745 2026-05-27T15:33:30Z
[2026-05-27T15:33:33Z] [LAPTOP-AHBS9745] [push] pushed to origin/main
[2026-05-28T00:24:30Z] [LAPTOP-AHBS9745] [push] 1 file(s) changed: .wabblespec/state/logs/sync.log
[2026-05-28T00:24:31Z] [LAPTOP-AHBS9745] [push] committed: wabblespec: sync LAPTOP-AHBS9745 2026-05-28T00:24:31Z
[2026-05-28T00:24:35Z] [LAPTOP-AHBS9745] [push] pushed to origin/main
[2026-05-28T00:26:17Z] [LAPTOP-AHBS9745] [pull] already up to date
[2026-05-28T01:59:26Z] [LAPTOP-AHBS9745] [push] 1 file(s) changed: .wabblespec/state/logs/sync.log
[2026-05-28T01:59:27Z] [LAPTOP-AHBS9745] [push] committed: wabblespec: sync LAPTOP-AHBS9745 2026-05-28T01:59:26Z
[2026-05-28T01:59:30Z] [LAPTOP-AHBS9745] [push] pushed to origin/main
[2026-05-28T02:01:01Z] [LAPTOP-AHBS9745] [pull] already up to date
[2026-05-28T02:01:17Z] [LAPTOP-AHBS9745] [pull] already up to date
[2026-05-28T02:09:40Z] [LAPTOP-AHBS9745] [pull] already up to date
[2026-05-28T02:09:47Z] [LAPTOP-AHBS9745] [pull] already up to date
[2026-05-28T02:20:37Z] [LAPTOP-AHBS9745] [push] 2 file(s) changed: .wabblespec/state/logs/sync.log, .wabblespec/wabblespec.yaml
[2026-05-28T02:20:37Z] [LAPTOP-AHBS9745] [push] committed: wabblespec: sync LAPTOP-AHBS9745 2026-05-28T02:20:37Z
[2026-05-28T02:20:46Z] [LAPTOP-AHBS9745] [push] pushed to origin/main
[2026-05-28T02:21:24Z] [LAPTOP-AHBS9745] [push] 1 file(s) changed: .wabblespec/state/logs/sync.log
[2026-05-28T02:21:24Z] [LAPTOP-AHBS9745] [push] committed: wabblespec: sync LAPTOP-AHBS9745 2026-05-28T02:21:24Z
[2026-05-28T02:21:30Z] [LAPTOP-AHBS9745] [push] pushed to origin/main
[2026-05-28T02:23:56Z] [LAPTOP-AHBS9745] [push] 1 file(s) changed: .wabblespec/state/logs/sync.log
[2026-05-28T02:23:57Z] [LAPTOP-AHBS9745] [push] committed: wabblespec: sync LAPTOP-AHBS9745 2026-05-28T02:23:57Z
[2026-05-28T02:24:03Z] [LAPTOP-AHBS9745] [push] pushed to origin/main
[2026-05-28T02:24:37Z] [LAPTOP-AHBS9745] [push] 1 file(s) changed: .wabblespec/state/logs/sync.log
[2026-05-28T02:24:37Z] [LAPTOP-AHBS9745] [push] committed: wabblespec: sync LAPTOP-AHBS9745 2026-05-28T02:24:37Z
[2026-05-28T02:24:46Z] [LAPTOP-AHBS9745] [push] pushed to origin/main
[2026-05-28T02:26:02Z] [LAPTOP-AHBS9745] [push] 1 file(s) changed: .wabblespec/state/logs/sync.log
[2026-05-28T02:26:02Z] [LAPTOP-AHBS9745] [push] committed: wabblespec: sync LAPTOP-AHBS9745 2026-05-28T02:26:02Z
[2026-05-28T02:26:06Z] [LAPTOP-AHBS9745] [push] pushed to origin/main
[2026-05-28T02:33:57Z] [LAPTOP-AHBS9745] [push] 4 file(s) changed: .wabblespec/state/logs/sync.log, .wabblespec/state/receipts/recipe-receipt.json, .wabblespec/enhance/enhanced-20260528103000.md, .wabblespec/recipe.json
[2026-05-28T02:33:57Z] [LAPTOP-AHBS9745] [push] committed: wabblespec: sync LAPTOP-AHBS9745 2026-05-28T02:33:57Z
[2026-05-28T02:34:01Z] [LAPTOP-AHBS9745] [push] pushed to origin/main
[2026-05-28T02:50:14Z] [LAPTOP-AHBS9745] [pull] already up to date
[2026-05-28T02:56:19Z] [LAPTOP-AHBS9745] [push] 14 file(s) changed: .wabblespec/CHANGELOG.md, .wabblespec/VERSION, .wabblespec/state/archive/receipt-index.json, .wabblespec/state/logs/sync.log, .wabblespec/state/plans/current-wave-plan.md ...
[2026-05-28T02:56:20Z] [LAPTOP-AHBS9745] [push] committed: wabblespec: sync LAPTOP-AHBS9745 2026-05-28T02:56:19Z
[2026-05-28T02:58:13Z] [LAPTOP-AHBS9745] [push] push failed (will retry next session): timeout
[2026-05-28T02:58:24Z] [LAPTOP-AHBS9745] [push] 1 file(s) changed: .wabblespec/state/logs/sync.log
[2026-05-28T02:58:24Z] [LAPTOP-AHBS9745] [push] committed: wabblespec: sync LAPTOP-AHBS9745 2026-05-28T02:58:24Z
[2026-05-28T02:58:27Z] [LAPTOP-AHBS9745] [push] pushed to origin/main
[2026-05-28T03:01:19Z] [LAPTOP-AHBS9745] [push] 3 file(s) changed: .wabblespec/recipe.json, .wabblespec/state/logs/sync.log, .wabblespec/options-framework-script-delegation-20260528T110016Z.md
[2026-05-28T03:01:20Z] [LAPTOP-AHBS9745] [push] committed: wabblespec: sync LAPTOP-AHBS9745 2026-05-28T03:01:20Z
[2026-05-28T03:01:24Z] [LAPTOP-AHBS9745] [push] pushed to origin/main
[2026-05-28T03:03:29Z] [LAPTOP-AHBS9745] [push] 4 file(s) changed: .wabblespec/recipe.json, .wabblespec/state/logs/sync.log, .wabblespec/state/receipts/recipe-receipt.json, .wabblespec/enhance/enhanced-20260528110000.md
[2026-05-28T03:03:30Z] [LAPTOP-AHBS9745] [push] committed: wabblespec: sync LAPTOP-AHBS9745 2026-05-28T03:03:29Z
[2026-05-28T03:03:38Z] [LAPTOP-AHBS9745] [push] pushed to origin/main
[2026-05-28T03:04:27Z] [LAPTOP-AHBS9745] [push] 1 file(s) changed: .wabblespec/state/logs/sync.log
[2026-05-28T03:04:28Z] [LAPTOP-AHBS9745] [push] committed: wabblespec: sync LAPTOP-AHBS9745 2026-05-28T03:04:28Z
[2026-05-28T03:04:33Z] [LAPTOP-AHBS9745] [push] pushed to origin/main
[2026-05-28T03:15:11Z] [LAPTOP-AHBS9745] [push] 14 file(s) changed: .wabblespec/CHANGELOG.md, .wabblespec/VERSION, .wabblespec/scope.md, .wabblespec/state/archive/receipt-index.json, .wabblespec/state/logs/sync.log ...
[2026-05-28T03:15:11Z] [LAPTOP-AHBS9745] [push] committed: wabblespec: sync LAPTOP-AHBS9745 2026-05-28T03:15:11Z
[2026-05-28T03:15:16Z] [LAPTOP-AHBS9745] [push] pushed to origin/main
[2026-05-28T03:15:49Z] [LAPTOP-AHBS9745] [pull] already up to date
[2026-05-28T03:21:53Z] [LAPTOP-AHBS9745] [push] 3 file(s) changed: .wabblespec/recipe.json, .wabblespec/state/logs/sync.log, .wabblespec/state/receipts/recipe-receipt.json
[2026-05-28T03:21:53Z] [LAPTOP-AHBS9745] [push] committed: wabblespec: sync LAPTOP-AHBS9745 2026-05-28T03:21:53Z
[2026-05-28T03:21:57Z] [LAPTOP-AHBS9745] [push] pushed to origin/main
[2026-05-28T03:23:46Z] [LAPTOP-AHBS9745] [push] 1 file(s) changed: .wabblespec/state/logs/sync.log
[2026-05-28T03:23:46Z] [LAPTOP-AHBS9745] [push] committed: wabblespec: sync LAPTOP-AHBS9745 2026-05-28T03:23:46Z
[2026-05-28T03:23:52Z] [LAPTOP-AHBS9745] [push] pushed to origin/main
[2026-05-28T03:25:54Z] [LAPTOP-AHBS9745] [push] 3 file(s) changed: .wabblespec/scope.md, .wabblespec/state/logs/sync.log, .wabblespec/state/receipts/scopeframe-receipt.json
[2026-05-28T03:25:54Z] [LAPTOP-AHBS9745] [push] committed: wabblespec: sync LAPTOP-AHBS9745 2026-05-28T03:25:54Z
[2026-05-28T03:25:59Z] [LAPTOP-AHBS9745] [push] pushed to origin/main
[2026-05-28T03:28:33Z] [LAPTOP-AHBS9745] [push] 3 file(s) changed: .wabblespec/state/logs/sync.log, .wabblespec/state/plans/task-card.md, .wabblespec/state/receipts/specify-receipt.json
[2026-05-28T03:28:33Z] [LAPTOP-AHBS9745] [push] committed: wabblespec: sync LAPTOP-AHBS9745 2026-05-28T03:28:33Z
[2026-05-28T03:28:40Z] [LAPTOP-AHBS9745] [push] pushed to origin/main
[2026-05-28T03:31:04Z] [LAPTOP-AHBS9745] [push] 3 file(s) changed: .wabblespec/state/logs/sync.log, .wabblespec/state/memory/instinct-observations.md, .wabblespec/state/receipts/wave-1-receipt.json
[2026-05-28T03:31:04Z] [LAPTOP-AHBS9745] [push] committed: wabblespec: sync LAPTOP-AHBS9745 2026-05-28T03:31:04Z
[2026-05-28T03:31:09Z] [LAPTOP-AHBS9745] [push] pushed to origin/main
[2026-05-28T03:32:43Z] [LAPTOP-AHBS9745] [push] 1 file(s) changed: .wabblespec/state/logs/sync.log
[2026-05-28T03:32:44Z] [LAPTOP-AHBS9745] [push] committed: wabblespec: sync LAPTOP-AHBS9745 2026-05-28T03:32:44Z
[2026-05-28T03:32:47Z] [LAPTOP-AHBS9745] [push] pushed to origin/main
[2026-05-28T03:33:54Z] [LAPTOP-AHBS9745] [push] 1 file(s) changed: .wabblespec/state/logs/sync.log
[2026-05-28T03:33:55Z] [LAPTOP-AHBS9745] [push] committed: wabblespec: sync LAPTOP-AHBS9745 2026-05-28T03:33:55Z
[2026-05-28T03:33:59Z] [LAPTOP-AHBS9745] [push] pushed to origin/main
[2026-05-28T03:38:14Z] [LAPTOP-AHBS9745] [push] 1 file(s) changed: .wabblespec/state/logs/sync.log
[2026-05-28T03:38:14Z] [LAPTOP-AHBS9745] [push] committed: wabblespec: sync LAPTOP-AHBS9745 2026-05-28T03:38:14Z
[2026-05-28T03:38:18Z] [LAPTOP-AHBS9745] [push] pushed to origin/main
[2026-05-28T03:43:08Z] [LAPTOP-AHBS9745] [push] 4 file(s) changed: .wabblespec/CHANGELOG.md, .wabblespec/VERSION, .wabblespec/state/archive/receipt-index.json, .wabblespec/state/logs/sync.log
[2026-05-28T03:43:08Z] [LAPTOP-AHBS9745] [push] committed: wabblespec: sync LAPTOP-AHBS9745 2026-05-28T03:43:08Z
[2026-05-28T03:43:12Z] [LAPTOP-AHBS9745] [push] pushed to origin/main
[2026-05-28T03:44:57Z] [LAPTOP-AHBS9745] [pull] already up to date
[2026-05-28T03:45:05Z] [LAPTOP-AHBS9745] [pull] already up to date
[2026-05-28T03:49:17Z] [LAPTOP-AHBS9745] [push] 3 file(s) changed: .wabblespec/recipe.json, .wabblespec/state/logs/sync.log, .wabblespec/state/recipe.json
[2026-05-28T03:49:17Z] [LAPTOP-AHBS9745] [push] committed: wabblespec: sync LAPTOP-AHBS9745 2026-05-28T03:49:17Z
[2026-05-28T03:49:21Z] [LAPTOP-AHBS9745] [push] pushed to origin/main
[2026-05-28T03:56:07Z] [LAPTOP-AHBS9745] [push] 13 file(s) changed: .wabblespec/CHANGELOG.md, .wabblespec/VERSION, .wabblespec/brainstorm/options-20260528T105340Z.md, .wabblespec/enhance/enhanced-20260528103000.md, .wabblespec/enhance/enhanced-20260528110000.md ...
[2026-05-28T03:56:07Z] [LAPTOP-AHBS9745] [push] committed: wabblespec: sync LAPTOP-AHBS9745 2026-05-28T03:56:07Z
[2026-05-28T03:56:11Z] [LAPTOP-AHBS9745] [push] pushed to origin/main
[2026-05-28T03:56:36Z] [LAPTOP-AHBS9745] [pull] already up to date
[2026-05-28T04:03:00Z] [LAPTOP-AHBS9745] [push] 4 file(s) changed: .wabblespec/recipe.json, .wabblespec/state/logs/sync.log, .wabblespec/state/receipts/recipe-receipt.json, .wabblespec/state/recipe.json
[2026-05-28T04:03:00Z] [LAPTOP-AHBS9745] [push] committed: wabblespec: sync LAPTOP-AHBS9745 2026-05-28T04:03:00Z
[2026-05-28T04:03:05Z] [LAPTOP-AHBS9745] [push] pushed to origin/main
[2026-05-28T04:08:38Z] [LAPTOP-AHBS9745] [push] 1 file(s) changed: .wabblespec/state/logs/sync.log
[2026-05-28T04:08:38Z] [LAPTOP-AHBS9745] [push] committed: wabblespec: sync LAPTOP-AHBS9745 2026-05-28T04:08:38Z
[2026-05-28T04:08:42Z] [LAPTOP-AHBS9745] [push] pushed to origin/main
[2026-05-28T04:11:53Z] [LAPTOP-AHBS9745] [push] 3 file(s) changed: .wabblespec/state/logs/sync.log, .wabblespec/state/receipts/scopeframe-receipt.json, .wabblespec/state/scope.md
[2026-05-28T04:11:53Z] [LAPTOP-AHBS9745] [push] committed: wabblespec: sync LAPTOP-AHBS9745 2026-05-28T04:11:53Z
[2026-05-28T04:11:57Z] [LAPTOP-AHBS9745] [push] pushed to origin/main
[2026-05-28T04:13:46Z] [LAPTOP-AHBS9745] [push] 3 file(s) changed: .wabblespec/state/logs/sync.log, .wabblespec/state/plans/task-card.md, .wabblespec/state/receipts/specify-receipt.json
[2026-05-28T04:13:46Z] [LAPTOP-AHBS9745] [push] committed: wabblespec: sync LAPTOP-AHBS9745 2026-05-28T04:13:46Z
[2026-05-28T04:13:49Z] [LAPTOP-AHBS9745] [push] pushed to origin/main
[2026-05-28T04:21:09Z] [LAPTOP-AHBS9745] [push] 3 file(s) changed: .wabblespec/state/logs/sync.log, .wabblespec/state/plans/current-wave-plan.md, .wabblespec/state/receipts/decompose-receipt.json
[2026-05-28T04:21:10Z] [LAPTOP-AHBS9745] [push] committed: wabblespec: sync LAPTOP-AHBS9745 2026-05-28T04:21:09Z
[2026-05-28T04:21:15Z] [LAPTOP-AHBS9745] [push] pushed to origin/main
[2026-05-28T07:49:05Z] [LAPTOP-AHBS9745] [push] 11 file(s) changed: .wabblespec/engine/modules/l0/recipe/SKILL.md, .wabblespec/engine/modules/l1/decompose/SKILL.md, .wabblespec/engine/modules/l1/specify/SKILL.md, .wabblespec/engine/modules/l2/executor/SKILL.md, .wabblespec/engine/modules/l2/verifier/SKILL.md ...
[2026-05-28T07:49:06Z] [LAPTOP-AHBS9745] [push] committed: wabblespec: sync LAPTOP-AHBS9745 2026-05-28T07:49:06Z
[2026-05-28T07:49:09Z] [LAPTOP-AHBS9745] [push] pushed to origin/main
[2026-05-28T08:03:20Z] [LAPTOP-AHBS9745] [push] 5 file(s) changed: .wabblespec/CHANGELOG.md, .wabblespec/VERSION, .wabblespec/state/archive/receipt-index.json, .wabblespec/state/logs/sync.log, .wabblespec/state/session/state.json
[2026-05-28T08:03:21Z] [LAPTOP-AHBS9745] [push] committed: wabblespec: sync LAPTOP-AHBS9745 2026-05-28T08:03:21Z
[2026-05-28T08:03:24Z] [LAPTOP-AHBS9745] [push] pushed to origin/main
[2026-05-28T08:04:24Z] [LAPTOP-AHBS9745] [push] 2 file(s) changed: .wabblespec/state/logs/sync.log, .wabblespec/state/session/state.json
[2026-05-28T08:04:24Z] [LAPTOP-AHBS9745] [push] committed: wabblespec: sync LAPTOP-AHBS9745 2026-05-28T08:04:24Z
[2026-05-28T08:04:28Z] [LAPTOP-AHBS9745] [push] pushed to origin/main
[2026-05-28T08:54:38Z] [LAPTOP-AHBS9745] [push] 31 file(s) changed: .wabblespec/CHANGELOG.md, .wabblespec/INDEX.md, .wabblespec/VERSION, .wabblespec/engine/modules/l1/shift/SKILL.md, .wabblespec/engine/modules/l2/guard/SKILL.md ...
[2026-05-28T08:54:39Z] [LAPTOP-AHBS9745] [push] committed: wabblespec: sync LAPTOP-AHBS9745 2026-05-28T08:54:38Z
[2026-05-28T08:54:43Z] [LAPTOP-AHBS9745] [push] pushed to origin/main
[2026-05-28T09:03:38Z] [LAPTOP-AHBS9745] [push] 12 file(s) changed: .wabblespec/CHANGELOG.md, .wabblespec/INDEX.md, .wabblespec/VERSION, .wabblespec/engine/modules/l2/executor/SKILL.md, .wabblespec/engine/modules/l7/deploy/SKILL.md ...
[2026-05-28T09:03:38Z] [LAPTOP-AHBS9745] [push] committed: wabblespec: sync LAPTOP-AHBS9745 2026-05-28T09:03:38Z
[2026-05-28T09:03:42Z] [LAPTOP-AHBS9745] [push] pushed to origin/main
[2026-05-28T09:06:25Z] [LAPTOP-AHBS9745] [push] 8 file(s) changed: .wabblespec/CHANGELOG.md, .wabblespec/INDEX.md, .wabblespec/VERSION, .wabblespec/engine/modules/l7/release/SKILL.md, .wabblespec/engine/shared/references/script-delegation-contract.md ...
[2026-05-28T09:06:25Z] [LAPTOP-AHBS9745] [push] committed: wabblespec: sync LAPTOP-AHBS9745 2026-05-28T09:06:25Z
[2026-05-28T09:06:29Z] [LAPTOP-AHBS9745] [push] pushed to origin/main
[2026-05-28T09:27:31Z] [LAPTOP-AHBS9745] [push] 3 file(s) changed: .wabblespec/INDEX.md, .wabblespec/state/archive/receipt-index.json, .wabblespec/state/logs/sync.log
[2026-05-28T09:27:32Z] [LAPTOP-AHBS9745] [push] committed: wabblespec: sync LAPTOP-AHBS9745 2026-05-28T09:27:31Z
[2026-05-28T09:27:37Z] [LAPTOP-AHBS9745] [push] pushed to origin/main
[2026-05-28T09:29:18Z] [LAPTOP-AHBS9745] [push] 1 file(s) changed: .wabblespec/state/logs/sync.log
[2026-05-28T09:29:19Z] [LAPTOP-AHBS9745] [push] committed: wabblespec: sync LAPTOP-AHBS9745 2026-05-28T09:29:19Z
[2026-05-28T09:29:23Z] [LAPTOP-AHBS9745] [push] pushed to origin/main
[2026-05-28T09:36:25Z] [LAPTOP-AHBS9745] [pull] fetch failed: fatal: unable to access 'https://github.com/GG-Santos/wabblespec.git/': Could not resolve host: github.com
[2026-05-28T09:36:56Z] [LAPTOP-AHBS9745] [push] 5 file(s) changed: .wabblespec/engine/scripts/__pycache__/stop-hook.cpython-313.pyc, .wabblespec/engine/scripts/stop-hook.py, .wabblespec/engine/shared/references/script-delegation-contract.md, .wabblespec/engine/shared/scripts/receipt-writer.py, .wabblespec/state/logs/sync.log
[2026-05-28T09:36:56Z] [LAPTOP-AHBS9745] [push] committed: wabblespec: sync LAPTOP-AHBS9745 2026-05-28T09:36:56Z
[2026-05-28T09:37:08Z] [LAPTOP-AHBS9745] [push] push failed (will retry next session): fatal: unable to access 'https://github.com/GG-Santos/wabblespec.git/': Could not resolve host: github.com
[2026-05-28T09:39:46Z] [LAPTOP-AHBS9745] [push] 3 file(s) changed: .wabblespec/CHANGELOG.md, .wabblespec/INDEX.md, .wabblespec/VERSION
[2026-05-28T09:39:46Z] [LAPTOP-AHBS9745] [push] committed: wabblespec: sync LAPTOP-AHBS9745 2026-05-28T09:39:46Z
[2026-05-28T09:39:50Z] [LAPTOP-AHBS9745] [push] pushed to origin/main
[2026-05-28T09:45:27Z] [LAPTOP-AHBS9745] [push] 3 file(s) changed: .wabblespec/INDEX.md, .wabblespec/state/logs/sync.log, .wabblespec/state/recipe.json
[2026-05-28T09:45:28Z] [LAPTOP-AHBS9745] [push] committed: wabblespec: sync LAPTOP-AHBS9745 2026-05-28T09:45:27Z
[2026-05-28T09:45:32Z] [LAPTOP-AHBS9745] [push] pushed to origin/main
[2026-05-28T10:07:52Z] [LAPTOP-AHBS9745] [push] 6 file(s) changed: .wabblespec/INDEX.md, .wabblespec/state/logs/sync.log, .wabblespec/state/plans/current-wave-plan.md, .wabblespec/state/plans/task-card.md, .wabblespec/state/scope.md ...
[2026-05-28T10:07:53Z] [LAPTOP-AHBS9745] [push] committed: wabblespec: sync LAPTOP-AHBS9745 2026-05-28T10:07:53Z
[2026-05-28T10:07:57Z] [LAPTOP-AHBS9745] [push] pushed to origin/main
[2026-05-28T10:15:43Z] [LAPTOP-AHBS9745] [push] 3 file(s) changed: .wabblespec/INDEX.md, .wabblespec/state/logs/sync.log, .wabblespec/state/session/state.json
[2026-05-28T10:15:43Z] [LAPTOP-AHBS9745] [push] committed: wabblespec: sync LAPTOP-AHBS9745 2026-05-28T10:15:43Z
[2026-05-28T10:15:47Z] [LAPTOP-AHBS9745] [push] pushed to origin/main
[2026-05-28T10:24:04Z] [LAPTOP-AHBS9745] [push] 3 file(s) changed: .wabblespec/INDEX.md, .wabblespec/state/logs/sync.log, .wabblespec/state/session/state.json
[2026-05-28T10:24:04Z] [LAPTOP-AHBS9745] [push] committed: wabblespec: sync LAPTOP-AHBS9745 2026-05-28T10:24:04Z
[2026-05-28T10:24:08Z] [LAPTOP-AHBS9745] [push] pushed to origin/main
[2026-05-28T10:34:37Z] [LAPTOP-AHBS9745] [push] 7 file(s) changed: .wabblespec/INDEX.md, .wabblespec/state/archive/receipt-index.json, .wabblespec/state/logs/sync.log, .wabblespec/state/plans/task-card.md, .wabblespec/state/recipe.json ...
[2026-05-28T10:34:37Z] [LAPTOP-AHBS9745] [push] committed: wabblespec: sync LAPTOP-AHBS9745 2026-05-28T10:34:37Z
[2026-05-28T10:34:41Z] [LAPTOP-AHBS9745] [push] pushed to origin/main
[2026-05-28T12:20:31Z] [LAPTOP-AHBS9745] [push] 7 file(s) changed: .wabblespec/INDEX.md, .wabblespec/state/archive/receipt-index.json, .wabblespec/state/logs/sync.log, .wabblespec/state/plans/task-card.md, .wabblespec/state/recipe.json ...
[2026-05-28T12:20:31Z] [LAPTOP-AHBS9745] [push] committed: wabblespec: sync LAPTOP-AHBS9745 2026-05-28T12:20:31Z
[2026-05-28T12:20:36Z] [LAPTOP-AHBS9745] [push] pushed to origin/main
[2026-05-28T12:27:30Z] [LAPTOP-AHBS9745] [pull] already up to date
[2026-05-28T12:28:10Z] [LAPTOP-AHBS9745] [push] 7 file(s) changed: .wabblespec/INDEX.md, .wabblespec/state/archive/receipt-index.json, .wabblespec/state/logs/sync.log, .wabblespec/state/plans/task-card.md, .wabblespec/state/recipe.json ...
[2026-05-28T12:28:10Z] [LAPTOP-AHBS9745] [push] committed: wabblespec: sync LAPTOP-AHBS9745 2026-05-28T12:28:10Z
[2026-05-28T12:28:13Z] [LAPTOP-AHBS9745] [push] pushed to origin/main
[2026-05-28T12:30:26Z] [LAPTOP-AHBS9745] [push] 5 file(s) changed: .wabblespec/INDEX.md, .wabblespec/state/archive/receipt-index.json, .wabblespec/state/logs/sync.log, .wabblespec/state/recipe.json, .wabblespec/state/session/state.json
[2026-05-28T12:30:27Z] [LAPTOP-AHBS9745] [push] committed: wabblespec: sync LAPTOP-AHBS9745 2026-05-28T12:30:27Z
[2026-05-28T12:30:30Z] [LAPTOP-AHBS9745] [push] pushed to origin/main
[2026-05-28T12:31:42Z] [LAPTOP-AHBS9745] [push] 2 file(s) changed: .wabblespec/state/logs/sync.log, .wabblespec/state/session/state.json
[2026-05-28T12:31:42Z] [LAPTOP-AHBS9745] [push] committed: wabblespec: sync LAPTOP-AHBS9745 2026-05-28T12:31:42Z
[2026-05-28T12:31:47Z] [LAPTOP-AHBS9745] [push] pushed to origin/main
[2026-05-28T12:33:19Z] [LAPTOP-AHBS9745] [push] 2 file(s) changed: .wabblespec/state/logs/sync.log, .wabblespec/state/session/state.json
[2026-05-28T12:33:19Z] [LAPTOP-AHBS9745] [push] committed: wabblespec: sync LAPTOP-AHBS9745 2026-05-28T12:33:19Z
[2026-05-28T12:33:23Z] [LAPTOP-AHBS9745] [push] pushed to origin/main
[2026-05-28T12:34:34Z] [LAPTOP-AHBS9745] [pull] already up to date
[2026-05-28T12:38:33Z] [LAPTOP-AHBS9745] [pull] already up to date
[2026-05-28T12:59:59Z] [LAPTOP-AHBS9745] [push] 4 file(s) changed: .wabblespec/INDEX.md, .wabblespec/state/logs/sync.log, .wabblespec/state/session/state.json, .wabblespec/brainstorm/options-20260528T125658Z.md
[2026-05-28T12:59:59Z] [LAPTOP-AHBS9745] [push] committed: wabblespec: sync LAPTOP-AHBS9745 2026-05-28T12:59:59Z
[2026-05-28T13:00:03Z] [LAPTOP-AHBS9745] [push] pushed to origin/main
[2026-05-28T13:01:02Z] [LAPTOP-AHBS9745] [pull] already up to date
[2026-05-28T13:01:04Z] [LAPTOP-AHBS9745] [pull] already up to date
[2026-05-28T13:31:01Z] [LAPTOP-AHBS9745] [push] 6 file(s) changed: .wabblespec/state/logs/sync.log, .wabblespec/state/plans/task-card.md, .wabblespec/state/recipe.json, .wabblespec/state/scope.md, .wabblespec/state/session/state.json ...
[2026-05-28T13:31:01Z] [LAPTOP-AHBS9745] [push] committed: wabblespec: sync LAPTOP-AHBS9745 2026-05-28T13:31:01Z
[2026-05-28T13:31:04Z] [LAPTOP-AHBS9745] [push] pushed to origin/main
[2026-05-28T13:36:51Z] [LAPTOP-AHBS9745] [push] 3 file(s) changed: .wabblespec/state/logs/sync.log, .wabblespec/state/plans/current-wave-plan.md, .wabblespec/state/session/state.json
[2026-05-28T13:36:51Z] [LAPTOP-AHBS9745] [push] committed: wabblespec: sync LAPTOP-AHBS9745 2026-05-28T13:36:51Z
[2026-05-28T13:36:58Z] [LAPTOP-AHBS9745] [push] pushed to origin/main
[2026-05-28T14:07:48Z] [LAPTOP-AHBS9745] [pull] already up to date
[2026-05-28T14:09:26Z] [LAPTOP-AHBS9745] [push] 3 file(s) changed: .wabblespec/state/logs/sync.log, .wabblespec/state/plans/current-wave-plan.md, .wabblespec/state/session/state.json
[2026-05-28T14:09:27Z] [LAPTOP-AHBS9745] [push] committed: wabblespec: sync LAPTOP-AHBS9745 2026-05-28T14:09:27Z
[2026-05-28T14:09:33Z] [LAPTOP-AHBS9745] [push] pushed to origin/main
[2026-05-28T14:13:39Z] [LAPTOP-AHBS9745] [push] 3 file(s) changed: .wabblespec/state/logs/sync.log, .wabblespec/state/plans/current-wave-plan.md, .wabblespec/state/session/state.json
[2026-05-28T14:13:39Z] [LAPTOP-AHBS9745] [push] committed: wabblespec: sync LAPTOP-AHBS9745 2026-05-28T14:13:39Z
[2026-05-28T14:13:45Z] [LAPTOP-AHBS9745] [push] pushed to origin/main
[2026-05-28T14:14:38Z] [LAPTOP-AHBS9745] [push] 2 file(s) changed: .wabblespec/state/logs/sync.log, .wabblespec/state/session/state.json
[2026-05-28T14:14:38Z] [LAPTOP-AHBS9745] [push] committed: wabblespec: sync LAPTOP-AHBS9745 2026-05-28T14:14:38Z
[2026-05-28T14:14:42Z] [LAPTOP-AHBS9745] [push] pushed to origin/main
[2026-05-28T14:16:16Z] [LAPTOP-AHBS9745] [push] 2 file(s) changed: .wabblespec/state/logs/sync.log, .wabblespec/state/session/state.json
[2026-05-28T14:16:17Z] [LAPTOP-AHBS9745] [push] committed: wabblespec: sync LAPTOP-AHBS9745 2026-05-28T14:16:16Z
[2026-05-28T14:16:20Z] [LAPTOP-AHBS9745] [push] pushed to origin/main
[2026-05-28T14:17:16Z] [LAPTOP-AHBS9745] [push] 2 file(s) changed: .wabblespec/state/logs/sync.log, .wabblespec/state/session/state.json
[2026-05-28T14:17:17Z] [LAPTOP-AHBS9745] [push] committed: wabblespec: sync LAPTOP-AHBS9745 2026-05-28T14:17:16Z
[2026-05-28T14:17:22Z] [LAPTOP-AHBS9745] [push] pushed to origin/main
[2026-05-28T14:21:10Z] [LAPTOP-AHBS9745] [push] 2 file(s) changed: .wabblespec/state/logs/sync.log, .wabblespec/state/session/state.json
[2026-05-28T14:21:10Z] [LAPTOP-AHBS9745] [push] committed: wabblespec: sync LAPTOP-AHBS9745 2026-05-28T14:21:10Z
[2026-05-28T14:21:17Z] [LAPTOP-AHBS9745] [push] pushed to origin/main
[2026-05-28T14:29:25Z] [LAPTOP-AHBS9745] [push] 4 file(s) changed: .wabblespec/state/logs/sync.log, .wabblespec/state/plans/task-card.md, .wabblespec/state/scope.md, .wabblespec/state/session/state.json
[2026-05-28T14:29:25Z] [LAPTOP-AHBS9745] [push] committed: wabblespec: sync LAPTOP-AHBS9745 2026-05-28T14:29:25Z
[2026-05-28T14:29:29Z] [LAPTOP-AHBS9745] [push] pushed to origin/main
[2026-05-28T14:36:00Z] [LAPTOP-AHBS9745] [push] 3 file(s) changed: .wabblespec/engine/shared/scripts/receipt-writer.py, .wabblespec/state/logs/sync.log, .wabblespec/state/session/state.json
[2026-05-28T14:36:01Z] [LAPTOP-AHBS9745] [push] committed: wabblespec: sync LAPTOP-AHBS9745 2026-05-28T14:36:01Z
[2026-05-28T14:36:07Z] [LAPTOP-AHBS9745] [push] pushed to origin/main
[2026-05-28T14:39:11Z] [LAPTOP-AHBS9745] [pull] already up to date
[2026-05-28T14:39:15Z] [LAPTOP-AHBS9745] [pull] already up to date
[2026-05-28T14:47:26Z] [LAPTOP-AHBS9745] [push] 4 file(s) changed: .wabblespec/engine/shared/scripts/receipt-writer.py, .wabblespec/state/logs/sync.log, .wabblespec/state/plans/current-wave-plan.md, .wabblespec/state/session/state.json
[2026-05-28T14:47:27Z] [LAPTOP-AHBS9745] [push] committed: wabblespec: sync LAPTOP-AHBS9745 2026-05-28T14:47:26Z
[2026-05-28T14:47:31Z] [LAPTOP-AHBS9745] [push] pushed to origin/main
[2026-05-28T14:51:06Z] [LAPTOP-AHBS9745] [push] 3 file(s) changed: .wabblespec/engine/shared/scripts/receipt-writer.py, .wabblespec/state/logs/sync.log, .wabblespec/state/session/state.json
[2026-05-28T14:51:07Z] [LAPTOP-AHBS9745] [push] committed: wabblespec: sync LAPTOP-AHBS9745 2026-05-28T14:51:07Z
[2026-05-28T14:51:11Z] [LAPTOP-AHBS9745] [push] pushed to origin/main
[2026-05-28T17:24:42Z] [LAPTOP-AHBS9745] [push] 4 file(s) changed: .wabblespec/engine/shared/scripts/receipt-writer.py, .wabblespec/state/logs/sync.log, .wabblespec/state/plans/current-wave-plan.md, .wabblespec/state/session/state.json
[2026-05-28T17:24:43Z] [LAPTOP-AHBS9745] [push] committed: wabblespec: sync LAPTOP-AHBS9745 2026-05-28T17:24:43Z
[2026-05-28T17:24:48Z] [LAPTOP-AHBS9745] [push] pushed to origin/main
[2026-05-28T17:30:16Z] [LAPTOP-AHBS9745] [push] 67 file(s) changed: .wabblespec/state/archive/receipt-index.json, .wabblespec/state/logs/sync.log, .wabblespec/state/receipts/archive-receipt-20260522.json, .wabblespec/state/receipts/augment-receipt-acceptance-test-executor-enforcement-v1.json, .wabblespec/state/receipts/augment-receipt-cold-start-coverage-recipe-gate-v1.json ...
[2026-05-28T17:30:16Z] [LAPTOP-AHBS9745] [push] committed: wabblespec: sync LAPTOP-AHBS9745 2026-05-28T17:30:16Z
[2026-05-28T17:30:21Z] [LAPTOP-AHBS9745] [push] pushed to origin/main
[2026-05-28T17:31:46Z] [LAPTOP-AHBS9745] [push] 2 file(s) changed: .wabblespec/state/logs/sync.log, .wabblespec/state/session/state.json
[2026-05-28T17:31:47Z] [LAPTOP-AHBS9745] [push] committed: wabblespec: sync LAPTOP-AHBS9745 2026-05-28T17:31:47Z
[2026-05-28T17:31:50Z] [LAPTOP-AHBS9745] [push] pushed to origin/main
[2026-05-28T18:11:47Z] [LAPTOP-AHBS9745] [pull] already up to date
[2026-05-28T18:11:54Z] [LAPTOP-AHBS9745] [pull] already up to date
[2026-05-28T18:12:15Z] [LAPTOP-AHBS9745] [pull] already up to date
[2026-05-28T22:59:28Z] [LAPTOP-AHBS9745] [push] 26 file(s) changed: .wabblespec/engine/docs/layers/L3-platforms.md, .wabblespec/engine/modules/l5/dream/scripts/dream.py, .wabblespec/engine/modules/l5/entity-graph/scripts/entity-graph.py, .wabblespec/engine/modules/l5/memory-mine/scripts/memory-mine.py, .wabblespec/engine/modules/l8/synth/SKILL.md ...
[2026-05-28T22:59:29Z] [LAPTOP-AHBS9745] [push] committed: wabblespec: sync LAPTOP-AHBS9745 2026-05-28T22:59:28Z
[2026-05-28T22:59:33Z] [LAPTOP-AHBS9745] [push] pushed to origin/main
[2026-05-28T23:00:35Z] [LAPTOP-AHBS9745] [push] 12 file(s) changed: .wabblespec/CHANGELOG.md, .wabblespec/INDEX.md, .wabblespec/VERSION, .wabblespec/state/archive/receipt-index.json, .wabblespec/state/logs/sync.log ...
[2026-05-28T23:00:35Z] [LAPTOP-AHBS9745] [push] committed: wabblespec: sync LAPTOP-AHBS9745 2026-05-28T23:00:35Z
[2026-05-28T23:00:40Z] [LAPTOP-AHBS9745] [push] pushed to origin/main
[2026-05-28T23:02:08Z] [LAPTOP-AHBS9745] [push] 33 file(s) changed: .wabblespec/engine/modules/l0/recipe/SKILL.md, .wabblespec/engine/modules/l0/recipe/rules/cold-start.md, .wabblespec/engine/modules/l0/recipe/rules/target-detection.md, .wabblespec/engine/modules/l0/recipe/skill-rules.json, .wabblespec/engine/modules/l1/decompose/SKILL.md ...
[2026-05-28T23:02:09Z] [LAPTOP-AHBS9745] [push] committed: wabblespec: sync LAPTOP-AHBS9745 2026-05-28T23:02:09Z
[2026-05-28T23:02:12Z] [LAPTOP-AHBS9745] [push] pushed to origin/main
[2026-05-28T23:42:21Z] [LAPTOP-AHBS9745] [push] 19 file(s) changed: .wabblespec/INDEX.md, .wabblespec/engine/modules/l2/framework-maintenance/SKILL.md, .wabblespec/engine/modules/l2/framework-maintenance/scripts/attestation-hash.py, .wabblespec/engine/modules/l2/framework-maintenance/skill-rules.json, .wabblespec/recipe.json ...
[2026-05-28T23:42:22Z] [LAPTOP-AHBS9745] [push] committed: wabblespec: sync LAPTOP-AHBS9745 2026-05-28T23:42:22Z
[2026-05-28T23:42:25Z] [LAPTOP-AHBS9745] [push] pushed to origin/main
[2026-05-28T23:51:16Z] [LAPTOP-AHBS9745] [push] 11 file(s) changed: .wabblespec/engine/modules/l1/brainstorm/SKILL.md, .wabblespec/engine/modules/l1/propose/SKILL.md, .wabblespec/state/logs/sync.log, .wabblespec/state/memory/dream-log.json, .wabblespec/state/memory/entity-graph.json ...
[2026-05-28T23:51:17Z] [LAPTOP-AHBS9745] [push] committed: wabblespec: sync LAPTOP-AHBS9745 2026-05-28T23:51:17Z
[2026-05-28T23:51:20Z] [LAPTOP-AHBS9745] [push] pushed to origin/main
[2026-05-28T23:57:59Z] [LAPTOP-AHBS9745] [push] 11 file(s) changed: .wabblespec/state/logs/sync.log, .wabblespec/state/memory/dream-log.json, .wabblespec/state/memory/entity-graph.json, .wabblespec/state/memory/entity-registry.json, .wabblespec/state/memory/entity-report.md ...
[2026-05-28T23:57:59Z] [LAPTOP-AHBS9745] [push] committed: wabblespec: sync LAPTOP-AHBS9745 2026-05-28T23:57:59Z
[2026-05-28T23:58:03Z] [LAPTOP-AHBS9745] [push] pushed to origin/main
[2026-05-29T00:01:30Z] [LAPTOP-AHBS9745] [push] 8 file(s) changed: .wabblespec/state/logs/sync.log, .wabblespec/state/memory/dream-log.json, .wabblespec/state/memory/entity-graph.json, .wabblespec/state/memory/entity-registry.json, .wabblespec/state/memory/entity-report.md ...
[2026-05-29T00:01:31Z] [LAPTOP-AHBS9745] [push] committed: wabblespec: sync LAPTOP-AHBS9745 2026-05-29T00:01:31Z
[2026-05-29T00:01:35Z] [LAPTOP-AHBS9745] [push] pushed to origin/main
[2026-05-29T00:09:58Z] [LAPTOP-AHBS9745] [push] 9 file(s) changed: .wabblespec/state/logs/sync.log, .wabblespec/state/memory/dream-log.json, .wabblespec/state/memory/entity-graph.json, .wabblespec/state/memory/entity-registry.json, .wabblespec/state/memory/entity-report.md ...
[2026-05-29T00:09:59Z] [LAPTOP-AHBS9745] [push] committed: wabblespec: sync LAPTOP-AHBS9745 2026-05-29T00:09:59Z
[2026-05-29T00:10:03Z] [LAPTOP-AHBS9745] [push] pushed to origin/main
[2026-05-29T00:20:14Z] [LAPTOP-AHBS9745] [push] 8 file(s) changed: .wabblespec/state/logs/sync.log, .wabblespec/state/memory/dream-log.json, .wabblespec/state/memory/entity-graph.json, .wabblespec/state/memory/entity-registry.json, .wabblespec/state/memory/entity-report.md ...
[2026-05-29T00:20:15Z] [LAPTOP-AHBS9745] [push] committed: wabblespec: sync LAPTOP-AHBS9745 2026-05-29T00:20:15Z
[2026-05-29T00:20:20Z] [LAPTOP-AHBS9745] [push] pushed to origin/main
[2026-05-29T00:30:40Z] [LAPTOP-AHBS9745] [push] 11 file(s) changed: .wabblespec/engine/modules/l1/propose/SKILL.md, .wabblespec/engine/shared/scripts/tests/test_doctor.py, .wabblespec/engine/shared/scripts/wabblespec-doctor.py, .wabblespec/state/logs/sync.log, .wabblespec/state/memory/dream-log.json ...
[2026-05-29T00:30:40Z] [LAPTOP-AHBS9745] [push] committed: wabblespec: sync LAPTOP-AHBS9745 2026-05-29T00:30:40Z
[2026-05-29T00:30:44Z] [LAPTOP-AHBS9745] [push] pushed to origin/main
[2026-05-29T01:13:37Z] [LAPTOP-AHBS9745] [push] 60 file(s) changed: .wabblespec/engine/modules/l0/ground/SKILL.md, .wabblespec/engine/modules/l0/product/SKILL.md, .wabblespec/engine/modules/l0/reference-load/SKILL.md, .wabblespec/engine/modules/l0/runtime-probe/SKILL.md, .wabblespec/engine/modules/l1/apply/SKILL.md ...
[2026-05-29T01:13:38Z] [LAPTOP-AHBS9745] [push] committed: wabblespec: sync LAPTOP-AHBS9745 2026-05-29T01:13:38Z
[2026-05-29T01:13:42Z] [LAPTOP-AHBS9745] [push] pushed to origin/main
[2026-05-29T01:27:32Z] [LAPTOP-AHBS9745] [push] 26 file(s) changed: .wabblespec/engine/modules/l1/analyze/SKILL.md, .wabblespec/engine/modules/l1/api/SKILL.md, .wabblespec/engine/modules/l1/deps/SKILL.md, .wabblespec/engine/modules/l1/flag/SKILL.md, .wabblespec/engine/modules/l1/organize/SKILL.md ...
[2026-05-29T01:27:33Z] [LAPTOP-AHBS9745] [push] committed: wabblespec: sync LAPTOP-AHBS9745 2026-05-29T01:27:33Z
[2026-05-29T01:27:37Z] [LAPTOP-AHBS9745] [push] pushed to origin/main
[2026-05-29T01:32:16Z] [LAPTOP-AHBS9745] [push] 8 file(s) changed: .wabblespec/state/logs/sync.log, .wabblespec/state/memory/dream-log.json, .wabblespec/state/memory/entity-graph.json, .wabblespec/state/memory/entity-registry.json, .wabblespec/state/memory/entity-report.md ...
[2026-05-29T01:32:17Z] [LAPTOP-AHBS9745] [push] committed: wabblespec: sync LAPTOP-AHBS9745 2026-05-29T01:32:16Z
[2026-05-29T01:32:21Z] [LAPTOP-AHBS9745] [push] pushed to origin/main
[2026-05-29T01:34:28Z] [LAPTOP-AHBS9745] [push] 8 file(s) changed: .wabblespec/state/logs/sync.log, .wabblespec/state/memory/dream-log.json, .wabblespec/state/memory/entity-graph.json, .wabblespec/state/memory/entity-registry.json, .wabblespec/state/memory/entity-report.md ...
[2026-05-29T01:34:29Z] [LAPTOP-AHBS9745] [push] committed: wabblespec: sync LAPTOP-AHBS9745 2026-05-29T01:34:29Z
[2026-05-29T01:34:33Z] [LAPTOP-AHBS9745] [push] pushed to origin/main
[2026-05-29T14:30:09Z] [LAPTOP-AHBS9745] [pull] fetch failed: fatal: unable to access 'https://github.com/GG-Santos/wabblespec.git/': Could not resolve host: github.com
[2026-05-29T14:41:09Z] [LAPTOP-AHBS9745] [pull] already up to date
[2026-05-29T14:41:31Z] [LAPTOP-AHBS9745] [push] 9 file(s) changed: .wabblespec/INDEX.md, .wabblespec/state/logs/sync.log, .wabblespec/state/memory/dream-log.json, .wabblespec/state/memory/entity-graph.json, .wabblespec/state/memory/entity-registry.json ...
[2026-05-29T14:41:31Z] [LAPTOP-AHBS9745] [push] committed: wabblespec: sync LAPTOP-AHBS9745 2026-05-29T14:41:31Z
[2026-05-29T14:41:39Z] [LAPTOP-AHBS9745] [push] pushed to origin/main
[2026-05-29T14:45:12Z] [LAPTOP-AHBS9745] [push] 9 file(s) changed: .wabblespec/INDEX.md, .wabblespec/state/logs/sync.log, .wabblespec/state/memory/dream-log.json, .wabblespec/state/memory/entity-graph.json, .wabblespec/state/memory/entity-registry.json ...
[2026-05-29T14:45:12Z] [LAPTOP-AHBS9745] [push] committed: wabblespec: sync LAPTOP-AHBS9745 2026-05-29T14:45:12Z
[2026-05-29T14:45:17Z] [LAPTOP-AHBS9745] [push] pushed to origin/main
[2026-05-29T14:50:52Z] [LAPTOP-AHBS9745] [push] 10 file(s) changed: .wabblespec/INDEX.md, .wabblespec/state/logs/sync.log, .wabblespec/state/memory/dream-log.json, .wabblespec/state/memory/entity-graph.json, .wabblespec/state/memory/entity-registry.json ...
[2026-05-29T14:50:52Z] [LAPTOP-AHBS9745] [push] committed: wabblespec: sync LAPTOP-AHBS9745 2026-05-29T14:50:52Z
[2026-05-29T14:51:05Z] [LAPTOP-AHBS9745] [push] pushed to origin/main
[2026-05-29T14:51:53Z] [LAPTOP-AHBS9745] [pull] already up to date
[2026-05-29T14:52:34Z] [LAPTOP-AHBS9745] [push] 10 file(s) changed: .wabblespec/INDEX.md, .wabblespec/state/logs/sync.log, .wabblespec/state/memory/dream-log.json, .wabblespec/state/memory/entity-graph.json, .wabblespec/state/memory/entity-registry.json ...
[2026-05-29T14:52:34Z] [LAPTOP-AHBS9745] [push] committed: wabblespec: sync LAPTOP-AHBS9745 2026-05-29T14:52:34Z
[2026-05-29T14:52:38Z] [LAPTOP-AHBS9745] [push] pushed to origin/main
[2026-05-29T14:53:38Z] [LAPTOP-AHBS9745] [push] 8 file(s) changed: .wabblespec/state/logs/sync.log, .wabblespec/state/memory/dream-log.json, .wabblespec/state/memory/entity-graph.json, .wabblespec/state/memory/entity-registry.json, .wabblespec/state/memory/entity-report.md ...
[2026-05-29T14:53:38Z] [LAPTOP-AHBS9745] [push] committed: wabblespec: sync LAPTOP-AHBS9745 2026-05-29T14:53:38Z
[2026-05-29T14:53:41Z] [LAPTOP-AHBS9745] [push] pushed to origin/main
[2026-05-29T14:56:34Z] [LAPTOP-AHBS9745] [push] 10 file(s) changed: .wabblespec/INDEX.md, .wabblespec/state/logs/sync.log, .wabblespec/state/memory/dream-log.json, .wabblespec/state/memory/entity-graph.json, .wabblespec/state/memory/entity-registry.json ...
[2026-05-29T14:56:34Z] [LAPTOP-AHBS9745] [push] committed: wabblespec: sync LAPTOP-AHBS9745 2026-05-29T14:56:34Z
[2026-05-29T14:56:39Z] [LAPTOP-AHBS9745] [push] pushed to origin/main
[2026-05-29T14:59:54Z] [LAPTOP-AHBS9745] [push] 10 file(s) changed: .wabblespec/state/logs/sync.log, .wabblespec/state/memory/dream-log.json, .wabblespec/state/memory/entity-graph.json, .wabblespec/state/memory/entity-registry.json, .wabblespec/state/memory/entity-report.md ...
[2026-05-29T14:59:54Z] [LAPTOP-AHBS9745] [push] committed: wabblespec: sync LAPTOP-AHBS9745 2026-05-29T14:59:54Z
[2026-05-29T14:59:58Z] [LAPTOP-AHBS9745] [push] pushed to origin/main
[2026-05-29T15:01:41Z] [LAPTOP-AHBS9745] [push] 9 file(s) changed: .wabblespec/INDEX.md, .wabblespec/state/logs/sync.log, .wabblespec/state/memory/dream-log.json, .wabblespec/state/memory/entity-graph.json, .wabblespec/state/memory/entity-registry.json ...
[2026-05-29T15:01:41Z] [LAPTOP-AHBS9745] [push] committed: wabblespec: sync LAPTOP-AHBS9745 2026-05-29T15:01:41Z
[2026-05-29T15:01:44Z] [LAPTOP-AHBS9745] [push] pushed to origin/main
[2026-05-29T15:07:00Z] [LAPTOP-AHBS9745] [push] 6 file(s) changed: .wabblespec/INDEX.md, .wabblespec/state/logs/sync.log, .wabblespec/state/memory/entity-graph.json, .wabblespec/state/memory/entity-registry.json, .wabblespec/state/memory/entity-report.md ...
[2026-05-29T15:07:00Z] [LAPTOP-AHBS9745] [push] committed: wabblespec: sync LAPTOP-AHBS9745 2026-05-29T15:07:00Z
[2026-05-29T15:07:03Z] [LAPTOP-AHBS9745] [push] pushed to origin/main
[2026-05-29T15:14:42Z] [LAPTOP-AHBS9745] [push] 37 file(s) changed: .wabblespec/INDEX.md, .wabblespec/engine/modules/l5/dream/scripts/dream.py, .wabblespec/engine/packages/memory/src/memory/__pycache__/__init__.cpython-313.pyc, .wabblespec/engine/packages/memory/src/memory/__pycache__/config.cpython-313.pyc, .wabblespec/engine/packages/memory/src/memory/__pycache__/convo_miner.cpython-313.pyc ...
[2026-05-29T15:14:44Z] [LAPTOP-AHBS9745] [push] committed: wabblespec: sync LAPTOP-AHBS9745 2026-05-29T15:14:44Z
[2026-05-29T15:14:52Z] [LAPTOP-AHBS9745] [push] pushed to origin/main
[2026-05-29T15:17:43Z] [LAPTOP-AHBS9745] [push] 17 file(s) changed: .wabblespec/INDEX.md, .wabblespec/state/logs/sync.log, .wabblespec/state/memory/7cd9f131-1f3c-42ab-8aee-3c2dc3256c75/data_level0.bin, .wabblespec/state/memory/7cd9f131-1f3c-42ab-8aee-3c2dc3256c75/length.bin, .wabblespec/state/memory/chroma.sqlite3 ...
[2026-05-29T15:17:45Z] [LAPTOP-AHBS9745] [push] committed: wabblespec: sync LAPTOP-AHBS9745 2026-05-29T15:17:45Z
[2026-05-29T15:17:52Z] [LAPTOP-AHBS9745] [push] pushed to origin/main
[2026-05-29T15:21:57Z] [LAPTOP-AHBS9745] [push] 17 file(s) changed: .wabblespec/INDEX.md, .wabblespec/state/logs/sync.log, .wabblespec/state/memory/7cd9f131-1f3c-42ab-8aee-3c2dc3256c75/data_level0.bin, .wabblespec/state/memory/7cd9f131-1f3c-42ab-8aee-3c2dc3256c75/length.bin, .wabblespec/state/memory/chroma.sqlite3 ...
[2026-05-29T15:21:59Z] [LAPTOP-AHBS9745] [push] committed: wabblespec: sync LAPTOP-AHBS9745 2026-05-29T15:21:58Z
[2026-05-29T15:22:08Z] [LAPTOP-AHBS9745] [push] pushed to origin/main
[2026-05-29T15:24:59Z] [LAPTOP-AHBS9745] [push] 19 file(s) changed: .wabblespec/INDEX.md, .wabblespec/state/logs/sync.log, .wabblespec/state/memory/7cd9f131-1f3c-42ab-8aee-3c2dc3256c75/data_level0.bin, .wabblespec/state/memory/7cd9f131-1f3c-42ab-8aee-3c2dc3256c75/length.bin, .wabblespec/state/memory/chroma.sqlite3 ...
[2026-05-29T15:25:17Z] [LAPTOP-AHBS9745] [push] committed: wabblespec: sync LAPTOP-AHBS9745 2026-05-29T15:25:01Z
[2026-05-29T15:25:28Z] [LAPTOP-AHBS9745] [push] pushed to origin/main
[2026-05-29T15:26:55Z] [LAPTOP-AHBS9745] [push] 18 file(s) changed: .wabblespec/INDEX.md, .wabblespec/state/logs/sync.log, .wabblespec/state/memory/7cd9f131-1f3c-42ab-8aee-3c2dc3256c75/data_level0.bin, .wabblespec/state/memory/7cd9f131-1f3c-42ab-8aee-3c2dc3256c75/length.bin, .wabblespec/state/memory/chroma.sqlite3 ...
[2026-05-29T15:26:58Z] [LAPTOP-AHBS9745] [push] committed: wabblespec: sync LAPTOP-AHBS9745 2026-05-29T15:26:58Z
[2026-05-29T15:27:05Z] [LAPTOP-AHBS9745] [push] pushed to origin/main
[2026-05-29T15:28:24Z] [LAPTOP-AHBS9745] [push] 17 file(s) changed: .wabblespec/INDEX.md, .wabblespec/state/logs/sync.log, .wabblespec/state/memory/7cd9f131-1f3c-42ab-8aee-3c2dc3256c75/data_level0.bin, .wabblespec/state/memory/7cd9f131-1f3c-42ab-8aee-3c2dc3256c75/length.bin, .wabblespec/state/memory/chroma.sqlite3 ...
[2026-05-29T15:28:26Z] [LAPTOP-AHBS9745] [push] committed: wabblespec: sync LAPTOP-AHBS9745 2026-05-29T15:28:26Z
[2026-05-29T15:28:27Z] [LAPTOP-AHBS9745] [push] 3 file(s) changed: .wabblespec/INDEX.md, .wabblespec/state/logs/sync.log, .wabblespec/state/session/state.json
[2026-05-29T15:28:27Z] [LAPTOP-AHBS9745] [push] committed: wabblespec: sync LAPTOP-AHBS9745 2026-05-29T15:28:27Z
[2026-05-29T15:28:33Z] [LAPTOP-AHBS9745] [push] pushed to origin/main
[2026-05-29T15:28:35Z] [LAPTOP-AHBS9745] [push] push failed (will retry next session): remote: warning: See https://gh.io/lfs for more information.        
remote: warning: File 5d420ef8e27933fdb3e6623e6d37212239c10b88 is 59.06 MB; this is larger than GitHub's recommended maximum file s
[2026-05-29T15:35:39Z] [LAPTOP-AHBS9745] [push] 18 file(s) changed: .wabblespec/INDEX.md, .wabblespec/state/logs/sync.log, .wabblespec/state/memory/7cd9f131-1f3c-42ab-8aee-3c2dc3256c75/data_level0.bin, .wabblespec/state/memory/7cd9f131-1f3c-42ab-8aee-3c2dc3256c75/length.bin, .wabblespec/state/memory/chroma.sqlite3 ...
[2026-05-29T15:35:41Z] [LAPTOP-AHBS9745] [push] committed: wabblespec: sync LAPTOP-AHBS9745 2026-05-29T15:35:41Z
[2026-05-29T15:35:49Z] [LAPTOP-AHBS9745] [push] pushed to origin/main
[2026-05-29T15:36:39Z] [LAPTOP-AHBS9745] [push] 17 file(s) changed: .wabblespec/INDEX.md, .wabblespec/state/logs/sync.log, .wabblespec/state/memory/7cd9f131-1f3c-42ab-8aee-3c2dc3256c75/data_level0.bin, .wabblespec/state/memory/7cd9f131-1f3c-42ab-8aee-3c2dc3256c75/length.bin, .wabblespec/state/memory/chroma.sqlite3 ...
[2026-05-29T15:36:41Z] [LAPTOP-AHBS9745] [push] committed: wabblespec: sync LAPTOP-AHBS9745 2026-05-29T15:36:40Z
[2026-05-29T15:36:49Z] [LAPTOP-AHBS9745] [push] pushed to origin/main
[2026-05-29T15:48:21Z] [LAPTOP-AHBS9745] [push] 17 file(s) changed: .wabblespec/INDEX.md, .wabblespec/state/logs/sync.log, .wabblespec/state/memory/7cd9f131-1f3c-42ab-8aee-3c2dc3256c75/data_level0.bin, .wabblespec/state/memory/7cd9f131-1f3c-42ab-8aee-3c2dc3256c75/length.bin, .wabblespec/state/memory/chroma.sqlite3 ...
[2026-05-29T15:48:22Z] [LAPTOP-AHBS9745] [push] committed: wabblespec: sync LAPTOP-AHBS9745 2026-05-29T15:48:22Z
[2026-05-29T15:48:29Z] [LAPTOP-AHBS9745] [push] pushed to origin/main
[2026-05-29T15:50:07Z] [LAPTOP-AHBS9745] [push] 17 file(s) changed: .wabblespec/INDEX.md, .wabblespec/state/logs/sync.log, .wabblespec/state/memory/7cd9f131-1f3c-42ab-8aee-3c2dc3256c75/data_level0.bin, .wabblespec/state/memory/7cd9f131-1f3c-42ab-8aee-3c2dc3256c75/length.bin, .wabblespec/state/memory/chroma.sqlite3 ...
[2026-05-29T15:50:08Z] [LAPTOP-AHBS9745] [push] committed: wabblespec: sync LAPTOP-AHBS9745 2026-05-29T15:50:08Z
[2026-05-29T15:50:18Z] [LAPTOP-AHBS9745] [push] pushed to origin/main
[2026-05-29T15:56:31Z] [LAPTOP-AHBS9745] [push] 20 file(s) changed: .wabblespec/state/logs/sync.log, .wabblespec/state/memory/7cd9f131-1f3c-42ab-8aee-3c2dc3256c75/data_level0.bin, .wabblespec/state/memory/7cd9f131-1f3c-42ab-8aee-3c2dc3256c75/length.bin, .wabblespec/state/memory/chroma.sqlite3, .wabblespec/state/memory/dream-log.json ...
[2026-05-29T15:56:33Z] [LAPTOP-AHBS9745] [push] committed: wabblespec: sync LAPTOP-AHBS9745 2026-05-29T15:56:33Z
[2026-05-29T15:56:44Z] [LAPTOP-AHBS9745] [push] pushed to origin/main
[2026-05-29T15:58:03Z] [LAPTOP-AHBS9745] [pull] already up to date
[2026-05-29T16:10:42Z] [LAPTOP-AHBS9745] [pull] already up to date
[2026-05-30T03:51:18Z] [LAPTOP-AHBS9745] [pull] fetch failed: fatal: unable to access 'https://github.com/GG-Santos/wabblespec.git/': Failed to connect to github.com port 443 after 21166 ms: Could not connect to server
[2026-05-30T03:51:23Z] [LAPTOP-AHBS9745] [pull] already up to date
[2026-05-30T03:51:23Z] [LAPTOP-AHBS9745] [pull] fetch failed: timeout
[2026-05-30T03:52:00Z] [LAPTOP-AHBS9745] [pull] already up to date
[2026-05-30T03:56:37Z] [LAPTOP-AHBS9745] [push] 18 file(s) changed: .wabblespec/engine/modules/l2/framework-maintenance/skill-rules.json, .wabblespec/engine/shared/scripts/wabblespec-doctor.py, .wabblespec/state/logs/sync.log, .wabblespec/state/memory/7cd9f131-1f3c-42ab-8aee-3c2dc3256c75/data_level0.bin, .wabblespec/state/memory/7cd9f131-1f3c-42ab-8aee-3c2dc3256c75/length.bin ...
[2026-05-30T03:56:40Z] [LAPTOP-AHBS9745] [push] committed: wabblespec: sync LAPTOP-AHBS9745 2026-05-30T03:56:39Z
[2026-05-30T03:56:51Z] [LAPTOP-AHBS9745] [push] pushed to origin/main
[2026-05-30T04:16:59Z] [LAPTOP-AHBS9745] [push] 16 file(s) changed: .wabblespec/state/logs/sync.log, .wabblespec/state/memory/7cd9f131-1f3c-42ab-8aee-3c2dc3256c75/data_level0.bin, .wabblespec/state/memory/7cd9f131-1f3c-42ab-8aee-3c2dc3256c75/length.bin, .wabblespec/state/memory/chroma.sqlite3, .wabblespec/state/memory/dream-log.json ...
[2026-05-30T04:17:02Z] [LAPTOP-AHBS9745] [push] committed: wabblespec: sync LAPTOP-AHBS9745 2026-05-30T04:17:01Z
[2026-05-30T04:17:13Z] [LAPTOP-AHBS9745] [push] push failed (will retry next session): fatal: unable to access 'https://github.com/GG-Santos/wabblespec.git/': Could not resolve host: github.com
[2026-05-30T04:31:47Z] [LAPTOP-AHBS9745] [push] 16 file(s) changed: .wabblespec/state/logs/sync.log, .wabblespec/state/memory/7cd9f131-1f3c-42ab-8aee-3c2dc3256c75/data_level0.bin, .wabblespec/state/memory/7cd9f131-1f3c-42ab-8aee-3c2dc3256c75/length.bin, .wabblespec/state/memory/chroma.sqlite3, .wabblespec/state/memory/dream-log.json ...
[2026-05-30T04:31:50Z] [LAPTOP-AHBS9745] [push] committed: wabblespec: sync LAPTOP-AHBS9745 2026-05-30T04:31:49Z
[2026-05-30T04:32:13Z] [LAPTOP-AHBS9745] [push] pushed to origin/main
[2026-05-30T05:14:16Z] [LAPTOP-AHBS9745] [push] 16 file(s) changed: .wabblespec/state/logs/sync.log, .wabblespec/state/memory/7cd9f131-1f3c-42ab-8aee-3c2dc3256c75/data_level0.bin, .wabblespec/state/memory/7cd9f131-1f3c-42ab-8aee-3c2dc3256c75/length.bin, .wabblespec/state/memory/chroma.sqlite3, .wabblespec/state/memory/dream-log.json ...
[2026-05-30T05:14:18Z] [LAPTOP-AHBS9745] [push] committed: wabblespec: sync LAPTOP-AHBS9745 2026-05-30T05:14:18Z
[2026-05-30T05:14:26Z] [LAPTOP-AHBS9745] [push] pushed to origin/main
[2026-05-30T05:51:16Z] [LAPTOP-AHBS9745] [push] 22 file(s) changed: .wabblespec/engine/shared/scripts/quality-floor-check.py, .wabblespec/state/logs/sync.log, .wabblespec/state/memory/7cd9f131-1f3c-42ab-8aee-3c2dc3256c75/data_level0.bin, .wabblespec/state/memory/7cd9f131-1f3c-42ab-8aee-3c2dc3256c75/length.bin, .wabblespec/state/memory/chroma.sqlite3 ...
[2026-05-30T05:51:18Z] [LAPTOP-AHBS9745] [push] committed: wabblespec: sync LAPTOP-AHBS9745 2026-05-30T05:51:17Z
[2026-05-30T05:51:24Z] [LAPTOP-AHBS9745] [push] pushed to origin/main
[2026-05-30T05:53:35Z] [LAPTOP-AHBS9745] [pull] already up to date
[2026-05-30T06:06:25Z] [LAPTOP-AHBS9745] [push] 16 file(s) changed: .wabblespec/state/logs/sync.log, .wabblespec/state/memory/7cd9f131-1f3c-42ab-8aee-3c2dc3256c75/data_level0.bin, .wabblespec/state/memory/7cd9f131-1f3c-42ab-8aee-3c2dc3256c75/length.bin, .wabblespec/state/memory/chroma.sqlite3, .wabblespec/state/memory/dream-log.json ...
[2026-05-30T06:06:30Z] [LAPTOP-AHBS9745] [push] committed: wabblespec: sync LAPTOP-AHBS9745 2026-05-30T06:06:29Z
[2026-05-30T06:06:39Z] [LAPTOP-AHBS9745] [push] pushed to origin/main
[2026-05-30T06:17:34Z] [LAPTOP-AHBS9745] [push] 21 file(s) changed: .wabblespec/engine/modules/l2/adversary/SKILL.md, .wabblespec/engine/modules/l2/executor/SKILL.md, .wabblespec/engine/modules/l2/grader/SKILL.md, .wabblespec/engine/modules/l2/reviewer/SKILL.md, .wabblespec/engine/modules/l2/verifier/SKILL.md ...
[2026-05-30T06:17:37Z] [LAPTOP-AHBS9745] [push] committed: wabblespec: sync LAPTOP-AHBS9745 2026-05-30T06:17:37Z
[2026-05-30T06:17:44Z] [LAPTOP-AHBS9745] [push] pushed to origin/main
[2026-05-30T06:22:31Z] [LAPTOP-AHBS9745] [push] 17 file(s) changed: .wabblespec/state/logs/sync.log, .wabblespec/state/memory/7cd9f131-1f3c-42ab-8aee-3c2dc3256c75/data_level0.bin, .wabblespec/state/memory/7cd9f131-1f3c-42ab-8aee-3c2dc3256c75/length.bin, .wabblespec/state/memory/chroma.sqlite3, .wabblespec/state/memory/dream-log.json ...
[2026-05-30T06:22:33Z] [LAPTOP-AHBS9745] [push] committed: wabblespec: sync LAPTOP-AHBS9745 2026-05-30T06:22:33Z
[2026-05-30T06:22:40Z] [LAPTOP-AHBS9745] [push] pushed to origin/main
[2026-05-30T06:32:18Z] [LAPTOP-AHBS9745] [push] 23 file(s) changed: .wabblespec/engine/scripts/roborev-check.py, .wabblespec/engine/shared/scripts/receipt-writer.py, .wabblespec/state/logs/sync.log, .wabblespec/state/memory/7cd9f131-1f3c-42ab-8aee-3c2dc3256c75/data_level0.bin, .wabblespec/state/memory/7cd9f131-1f3c-42ab-8aee-3c2dc3256c75/length.bin ...
[2026-05-30T06:32:20Z] [LAPTOP-AHBS9745] [push] committed: wabblespec: sync LAPTOP-AHBS9745 2026-05-30T06:32:20Z
[2026-05-30T06:32:32Z] [LAPTOP-AHBS9745] [push] pushed to origin/main
[2026-05-30T06:37:09Z] [LAPTOP-AHBS9745] [push] 18 file(s) changed: .wabblespec/engine/hooks/wabblespec-session-start.js, .wabblespec/engine/shared/scripts/wave-review.py, .wabblespec/state/logs/sync.log, .wabblespec/state/memory/7cd9f131-1f3c-42ab-8aee-3c2dc3256c75/data_level0.bin, .wabblespec/state/memory/7cd9f131-1f3c-42ab-8aee-3c2dc3256c75/length.bin ...
[2026-05-30T06:37:11Z] [LAPTOP-AHBS9745] [push] committed: wabblespec: sync LAPTOP-AHBS9745 2026-05-30T06:37:11Z
[2026-05-30T06:37:19Z] [LAPTOP-AHBS9745] [push] pushed to origin/main
[2026-05-30T06:38:54Z] [LAPTOP-AHBS9745] [push] 16 file(s) changed: .wabblespec/state/logs/sync.log, .wabblespec/state/memory/7cd9f131-1f3c-42ab-8aee-3c2dc3256c75/data_level0.bin, .wabblespec/state/memory/7cd9f131-1f3c-42ab-8aee-3c2dc3256c75/length.bin, .wabblespec/state/memory/chroma.sqlite3, .wabblespec/state/memory/dream-log.json ...
[2026-05-30T06:38:55Z] [LAPTOP-AHBS9745] [push] committed: wabblespec: sync LAPTOP-AHBS9745 2026-05-30T06:38:55Z
[2026-05-30T06:39:02Z] [LAPTOP-AHBS9745] [push] pushed to origin/main
[2026-05-30T06:46:58Z] [LAPTOP-AHBS9745] [push] 19 file(s) changed: .wabblespec/engine/hooks/wabblespec-session-start.js, .wabblespec/engine/shared/scripts/wave-review.py, .wabblespec/state/logs/sync.log, .wabblespec/state/memory/7cd9f131-1f3c-42ab-8aee-3c2dc3256c75/data_level0.bin, .wabblespec/state/memory/7cd9f131-1f3c-42ab-8aee-3c2dc3256c75/length.bin ...
[2026-05-30T06:47:00Z] [LAPTOP-AHBS9745] [push] committed: wabblespec: sync LAPTOP-AHBS9745 2026-05-30T06:47:00Z
[2026-05-30T06:47:08Z] [LAPTOP-AHBS9745] [push] pushed to origin/main
[2026-05-30T06:56:17Z] [LAPTOP-AHBS9745] [push] 19 file(s) changed: .wabblespec/engine/shared/scripts/review-daemon.py, .wabblespec/state/logs/sync.log, .wabblespec/state/memory/7cd9f131-1f3c-42ab-8aee-3c2dc3256c75/data_level0.bin, .wabblespec/state/memory/7cd9f131-1f3c-42ab-8aee-3c2dc3256c75/length.bin, .wabblespec/state/memory/chroma.sqlite3 ...
[2026-05-30T06:56:19Z] [LAPTOP-AHBS9745] [push] committed: wabblespec: sync LAPTOP-AHBS9745 2026-05-30T06:56:19Z
[2026-05-30T06:56:25Z] [LAPTOP-AHBS9745] [push] pushed to origin/main
[2026-05-30T07:07:16Z] [LAPTOP-AHBS9745] [push] 20 file(s) changed: .wabblespec/engine/hooks/wabblespec-session-start.js, .wabblespec/engine/scripts/sync-push.py, .wabblespec/state/logs/sync.log, .wabblespec/state/memory/7cd9f131-1f3c-42ab-8aee-3c2dc3256c75/data_level0.bin, .wabblespec/state/memory/7cd9f131-1f3c-42ab-8aee-3c2dc3256c75/length.bin ...
[2026-05-30T07:07:18Z] [LAPTOP-AHBS9745] [push] committed: wabblespec: sync LAPTOP-AHBS9745 2026-05-30T07:07:17Z
[2026-05-30T07:07:25Z] [LAPTOP-AHBS9745] [push] pushed to origin/main
[2026-05-30T07:14:52Z] [LAPTOP-AHBS9745] [push] 17 file(s) changed: .wabblespec/state/logs/sync.log, .wabblespec/state/memory/7cd9f131-1f3c-42ab-8aee-3c2dc3256c75/data_level0.bin, .wabblespec/state/memory/7cd9f131-1f3c-42ab-8aee-3c2dc3256c75/length.bin, .wabblespec/state/memory/chroma.sqlite3, .wabblespec/state/memory/dream-log.json ...
[2026-05-30T07:14:54Z] [LAPTOP-AHBS9745] [push] committed: wabblespec: sync LAPTOP-AHBS9745 2026-05-30T07:14:54Z
[2026-05-30T07:15:06Z] [LAPTOP-AHBS9745] [push] push failed (will retry next session): fatal: unable to access 'https://github.com/GG-Santos/wabblespec.git/': Could not resolve host: github.com
[2026-05-30T07:30:34Z] [LAPTOP-AHBS9745] [push] 29 file(s) changed: .wabblespec/engine/modules/l2/reviewer/SKILL.md, .wabblespec/engine/modules/l2/verifier/SKILL.md, .wabblespec/engine/modules/l5/entity-graph/scripts/entity-graph.py, .wabblespec/engine/scripts/sync-push.py, .wabblespec/engine/shared/scripts/review-daemon.py ...
[2026-05-30T07:30:37Z] [LAPTOP-AHBS9745] [push] committed: wabblespec: sync LAPTOP-AHBS9745 2026-05-30T07:30:36Z
[2026-05-30T07:30:44Z] [LAPTOP-AHBS9745] [push] pushed to origin/main
[2026-05-30T08:00:01Z] [LAPTOP-AHBS9745] [pull] already up to date
[2026-05-30T08:15:45Z] [LAPTOP-AHBS9745] [pull] already up to date
[2026-05-30T08:15:54Z] [LAPTOP-AHBS9745] [pull] already up to date
[2026-05-30T08:16:17Z] [LAPTOP-AHBS9745] [pull] already up to date
[2026-05-30T08:16:43Z] [LAPTOP-AHBS9745] [pull] already up to date
[2026-05-30T08:19:09Z] [LAPTOP-AHBS9745] [push] 14 file(s) changed: .wabblespec/state/logs/sync.log, .wabblespec/state/memory/7cd9f131-1f3c-42ab-8aee-3c2dc3256c75/data_level0.bin, .wabblespec/state/memory/7cd9f131-1f3c-42ab-8aee-3c2dc3256c75/length.bin, .wabblespec/state/memory/chroma.sqlite3, .wabblespec/state/memory/entity-graph.json ...
[2026-05-30T08:19:11Z] [LAPTOP-AHBS9745] [push] committed: wabblespec: sync LAPTOP-AHBS9745 2026-05-30T08:19:10Z
[2026-05-30T08:19:23Z] [LAPTOP-AHBS9745] [push] push failed (will retry next session): fatal: unable to access 'https://github.com/GG-Santos/wabblespec.git/': Could not resolve host: github.com
[2026-05-30T08:22:51Z] [LAPTOP-AHBS9745] [push] 16 file(s) changed: .wabblespec/state/logs/sync.log, .wabblespec/state/memory/7cd9f131-1f3c-42ab-8aee-3c2dc3256c75/data_level0.bin, .wabblespec/state/memory/7cd9f131-1f3c-42ab-8aee-3c2dc3256c75/length.bin, .wabblespec/state/memory/chroma.sqlite3, .wabblespec/state/memory/dream-log.json ...
[2026-05-30T08:22:53Z] [LAPTOP-AHBS9745] [push] committed: wabblespec: sync LAPTOP-AHBS9745 2026-05-30T08:22:53Z
[2026-05-30T08:23:19Z] [LAPTOP-AHBS9745] [push] pushed to origin/main
[2026-05-30T08:36:42Z] [LAPTOP-AHBS9745] [push] 17 file(s) changed: .wabblespec/engine/modules/l5/dream/SKILL.md, .wabblespec/state/logs/sync.log, .wabblespec/state/memory/7cd9f131-1f3c-42ab-8aee-3c2dc3256c75/data_level0.bin, .wabblespec/state/memory/7cd9f131-1f3c-42ab-8aee-3c2dc3256c75/length.bin, .wabblespec/state/memory/chroma.sqlite3 ...
[2026-05-30T08:36:43Z] [LAPTOP-AHBS9745] [push] committed: wabblespec: sync LAPTOP-AHBS9745 2026-05-30T08:36:43Z
[2026-05-30T08:36:50Z] [LAPTOP-AHBS9745] [push] pushed to origin/main
[2026-05-30T08:37:45Z] [LAPTOP-AHBS9745] [pull] already up to date
[2026-05-30T08:37:49Z] [LAPTOP-AHBS9745] [pull] already up to date
[2026-05-30T08:42:13Z] [LAPTOP-AHBS9745] [push] 16 file(s) changed: .wabblespec/state/logs/sync.log, .wabblespec/state/memory/7cd9f131-1f3c-42ab-8aee-3c2dc3256c75/data_level0.bin, .wabblespec/state/memory/7cd9f131-1f3c-42ab-8aee-3c2dc3256c75/length.bin, .wabblespec/state/memory/chroma.sqlite3, .wabblespec/state/memory/dream-log.json ...
[2026-05-30T08:42:15Z] [LAPTOP-AHBS9745] [push] committed: wabblespec: sync LAPTOP-AHBS9745 2026-05-30T08:42:14Z
[2026-05-30T08:42:21Z] [LAPTOP-AHBS9745] [push] pushed to origin/main
[2026-05-30T08:46:57Z] [LAPTOP-AHBS9745] [push] 16 file(s) changed: .wabblespec/state/logs/sync.log, .wabblespec/state/memory/7cd9f131-1f3c-42ab-8aee-3c2dc3256c75/data_level0.bin, .wabblespec/state/memory/7cd9f131-1f3c-42ab-8aee-3c2dc3256c75/length.bin, .wabblespec/state/memory/chroma.sqlite3, .wabblespec/state/memory/dream-log.json ...
[2026-05-30T08:46:59Z] [LAPTOP-AHBS9745] [push] committed: wabblespec: sync LAPTOP-AHBS9745 2026-05-30T08:46:59Z
[2026-05-30T08:47:06Z] [LAPTOP-AHBS9745] [push] pushed to origin/main
[2026-05-30T08:49:18Z] [LAPTOP-AHBS9745] [push] 16 file(s) changed: .wabblespec/state/logs/sync.log, .wabblespec/state/memory/7cd9f131-1f3c-42ab-8aee-3c2dc3256c75/data_level0.bin, .wabblespec/state/memory/7cd9f131-1f3c-42ab-8aee-3c2dc3256c75/length.bin, .wabblespec/state/memory/chroma.sqlite3, .wabblespec/state/memory/dream-log.json ...
[2026-05-30T08:49:20Z] [LAPTOP-AHBS9745] [push] committed: wabblespec: sync LAPTOP-AHBS9745 2026-05-30T08:49:19Z
[2026-05-30T08:49:26Z] [LAPTOP-AHBS9745] [push] pushed to origin/main
[2026-05-30T08:57:56Z] [LAPTOP-AHBS9745] [push] 16 file(s) changed: .wabblespec/state/logs/sync.log, .wabblespec/state/memory/7cd9f131-1f3c-42ab-8aee-3c2dc3256c75/data_level0.bin, .wabblespec/state/memory/7cd9f131-1f3c-42ab-8aee-3c2dc3256c75/length.bin, .wabblespec/state/memory/chroma.sqlite3, .wabblespec/state/memory/dream-log.json ...
[2026-05-30T08:57:58Z] [LAPTOP-AHBS9745] [push] committed: wabblespec: sync LAPTOP-AHBS9745 2026-05-30T08:57:57Z
[2026-05-30T08:58:05Z] [LAPTOP-AHBS9745] [push] pushed to origin/main
[2026-05-30T09:06:57Z] [LAPTOP-AHBS9745] [pull] already up to date
[2026-05-30T09:11:25Z] [LAPTOP-AHBS9745] [push] 22 file(s) changed: .wabblespec/CHANGELOG.md, .wabblespec/INDEX.md, .wabblespec/VERSION, .wabblespec/engine/modules/l2/adversary/SKILL.md, .wabblespec/engine/modules/l2/grader/SKILL.md ...
[2026-05-30T09:11:27Z] [LAPTOP-AHBS9745] [push] committed: wabblespec: sync LAPTOP-AHBS9745 2026-05-30T09:11:27Z
[2026-05-30T09:11:34Z] [LAPTOP-AHBS9745] [push] pushed to origin/main
[2026-05-30T09:16:02Z] [LAPTOP-AHBS9745] [push] 17 file(s) changed: .wabblespec/INDEX.md, .wabblespec/state/logs/sync.log, .wabblespec/state/memory/7cd9f131-1f3c-42ab-8aee-3c2dc3256c75/data_level0.bin, .wabblespec/state/memory/7cd9f131-1f3c-42ab-8aee-3c2dc3256c75/length.bin, .wabblespec/state/memory/chroma.sqlite3 ...
[2026-05-30T09:16:04Z] [LAPTOP-AHBS9745] [push] committed: wabblespec: sync LAPTOP-AHBS9745 2026-05-30T09:16:03Z
[2026-05-30T09:16:10Z] [LAPTOP-AHBS9745] [push] pushed to origin/main
[2026-05-30T09:18:02Z] [LAPTOP-AHBS9745] [push] 17 file(s) changed: .wabblespec/INDEX.md, .wabblespec/state/logs/sync.log, .wabblespec/state/memory/7cd9f131-1f3c-42ab-8aee-3c2dc3256c75/data_level0.bin, .wabblespec/state/memory/7cd9f131-1f3c-42ab-8aee-3c2dc3256c75/length.bin, .wabblespec/state/memory/chroma.sqlite3 ...
[2026-05-30T09:18:04Z] [LAPTOP-AHBS9745] [push] committed: wabblespec: sync LAPTOP-AHBS9745 2026-05-30T09:18:03Z
[2026-05-30T09:18:11Z] [LAPTOP-AHBS9745] [push] pushed to origin/main
[2026-05-30T09:38:53Z] [LAPTOP-AHBS9745] [push] 17 file(s) changed: .wabblespec/INDEX.md, .wabblespec/state/logs/sync.log, .wabblespec/state/memory/7cd9f131-1f3c-42ab-8aee-3c2dc3256c75/data_level0.bin, .wabblespec/state/memory/7cd9f131-1f3c-42ab-8aee-3c2dc3256c75/length.bin, .wabblespec/state/memory/chroma.sqlite3 ...
[2026-05-30T09:38:55Z] [LAPTOP-AHBS9745] [push] committed: wabblespec: sync LAPTOP-AHBS9745 2026-05-30T09:38:55Z
[2026-05-30T09:39:01Z] [LAPTOP-AHBS9745] [push] pushed to origin/main
[2026-05-30T09:43:35Z] [LAPTOP-AHBS9745] [push] 17 file(s) changed: .wabblespec/INDEX.md, .wabblespec/state/logs/sync.log, .wabblespec/state/memory/7cd9f131-1f3c-42ab-8aee-3c2dc3256c75/data_level0.bin, .wabblespec/state/memory/7cd9f131-1f3c-42ab-8aee-3c2dc3256c75/length.bin, .wabblespec/state/memory/chroma.sqlite3 ...
[2026-05-30T09:43:37Z] [LAPTOP-AHBS9745] [push] committed: wabblespec: sync LAPTOP-AHBS9745 2026-05-30T09:43:37Z
[2026-05-30T09:43:48Z] [LAPTOP-AHBS9745] [push] pushed to origin/main
[2026-05-30T09:46:00Z] [LAPTOP-AHBS9745] [push] 17 file(s) changed: .wabblespec/INDEX.md, .wabblespec/state/logs/sync.log, .wabblespec/state/memory/7cd9f131-1f3c-42ab-8aee-3c2dc3256c75/data_level0.bin, .wabblespec/state/memory/7cd9f131-1f3c-42ab-8aee-3c2dc3256c75/length.bin, .wabblespec/state/memory/chroma.sqlite3 ...
[2026-05-30T09:46:02Z] [LAPTOP-AHBS9745] [push] committed: wabblespec: sync LAPTOP-AHBS9745 2026-05-30T09:46:01Z
[2026-05-30T09:46:08Z] [LAPTOP-AHBS9745] [push] pushed to origin/main
[2026-05-30T09:49:28Z] [LAPTOP-AHBS9745] [pull] already up to date
[2026-05-30T10:01:20Z] [LAPTOP-AHBS9745] [push] 17 file(s) changed: .wabblespec/INDEX.md, .wabblespec/state/logs/sync.log, .wabblespec/state/memory/7cd9f131-1f3c-42ab-8aee-3c2dc3256c75/data_level0.bin, .wabblespec/state/memory/7cd9f131-1f3c-42ab-8aee-3c2dc3256c75/length.bin, .wabblespec/state/memory/chroma.sqlite3 ...
[2026-05-30T10:01:22Z] [LAPTOP-AHBS9745] [push] committed: wabblespec: sync LAPTOP-AHBS9745 2026-05-30T10:01:21Z
[2026-05-30T10:01:28Z] [LAPTOP-AHBS9745] [push] pushed to origin/main
[2026-05-30T10:06:56Z] [LAPTOP-AHBS9745] [push] 17 file(s) changed: .wabblespec/INDEX.md, .wabblespec/state/logs/sync.log, .wabblespec/state/memory/7cd9f131-1f3c-42ab-8aee-3c2dc3256c75/data_level0.bin, .wabblespec/state/memory/7cd9f131-1f3c-42ab-8aee-3c2dc3256c75/length.bin, .wabblespec/state/memory/chroma.sqlite3 ...
[2026-05-30T10:06:58Z] [LAPTOP-AHBS9745] [push] committed: wabblespec: sync LAPTOP-AHBS9745 2026-05-30T10:06:57Z
[2026-05-30T10:07:06Z] [LAPTOP-AHBS9745] [push] pushed to origin/main
[2026-05-30T10:12:39Z] [LAPTOP-AHBS9745] [pull] already up to date
[2026-05-30T10:24:29Z] [LAPTOP-AHBS9745] [push] 17 file(s) changed: .wabblespec/INDEX.md, .wabblespec/state/logs/sync.log, .wabblespec/state/memory/7cd9f131-1f3c-42ab-8aee-3c2dc3256c75/data_level0.bin, .wabblespec/state/memory/7cd9f131-1f3c-42ab-8aee-3c2dc3256c75/length.bin, .wabblespec/state/memory/chroma.sqlite3 ...
[2026-05-30T10:24:32Z] [LAPTOP-AHBS9745] [push] committed: wabblespec: sync LAPTOP-AHBS9745 2026-05-30T10:24:31Z
[2026-05-30T10:24:43Z] [LAPTOP-AHBS9745] [push] pushed to origin/main
[2026-05-30T11:56:06Z] [LAPTOP-AHBS9745] [push] 17 file(s) changed: .wabblespec/INDEX.md, .wabblespec/state/logs/sync.log, .wabblespec/state/memory/7cd9f131-1f3c-42ab-8aee-3c2dc3256c75/data_level0.bin, .wabblespec/state/memory/7cd9f131-1f3c-42ab-8aee-3c2dc3256c75/length.bin, .wabblespec/state/memory/chroma.sqlite3 ...
[2026-05-30T11:56:08Z] [LAPTOP-AHBS9745] [push] committed: wabblespec: sync LAPTOP-AHBS9745 2026-05-30T11:56:07Z
[2026-05-30T11:56:14Z] [LAPTOP-AHBS9745] [push] pushed to origin/main
[2026-05-30T12:13:38Z] [LAPTOP-AHBS9745] [push] 21 file(s) changed: .wabblespec/CHANGELOG.md, .wabblespec/INDEX.md, .wabblespec/VERSION, .wabblespec/engine/modules/l2/reviewer/SKILL.md, .wabblespec/state/archive/receipt-index.json ...
[2026-05-30T12:13:40Z] [LAPTOP-AHBS9745] [push] committed: wabblespec: sync LAPTOP-AHBS9745 2026-05-30T12:13:40Z
[2026-05-30T12:13:47Z] [LAPTOP-AHBS9745] [push] pushed to origin/main
[2026-05-30T12:21:40Z] [LAPTOP-AHBS9745] [push] 17 file(s) changed: .wabblespec/INDEX.md, .wabblespec/state/logs/sync.log, .wabblespec/state/memory/7cd9f131-1f3c-42ab-8aee-3c2dc3256c75/data_level0.bin, .wabblespec/state/memory/7cd9f131-1f3c-42ab-8aee-3c2dc3256c75/length.bin, .wabblespec/state/memory/chroma.sqlite3 ...
[2026-05-30T12:21:42Z] [LAPTOP-AHBS9745] [push] committed: wabblespec: sync LAPTOP-AHBS9745 2026-05-30T12:21:41Z
[2026-05-30T12:21:48Z] [LAPTOP-AHBS9745] [push] pushed to origin/main
[2026-05-30T12:23:39Z] [LAPTOP-AHBS9745] [push] 17 file(s) changed: .wabblespec/INDEX.md, .wabblespec/state/logs/sync.log, .wabblespec/state/memory/7cd9f131-1f3c-42ab-8aee-3c2dc3256c75/data_level0.bin, .wabblespec/state/memory/7cd9f131-1f3c-42ab-8aee-3c2dc3256c75/length.bin, .wabblespec/state/memory/chroma.sqlite3 ...
[2026-05-30T12:23:41Z] [LAPTOP-AHBS9745] [push] committed: wabblespec: sync LAPTOP-AHBS9745 2026-05-30T12:23:40Z
[2026-05-30T12:23:47Z] [LAPTOP-AHBS9745] [push] pushed to origin/main
[2026-05-30T12:32:27Z] [LAPTOP-AHBS9745] [pull] already up to date
[2026-05-30T12:32:29Z] [LAPTOP-AHBS9745] [pull] already up to date
[2026-05-30T12:38:18Z] [LAPTOP-AHBS9745] [push] 17 file(s) changed: .wabblespec/INDEX.md, .wabblespec/state/logs/sync.log, .wabblespec/state/memory/7cd9f131-1f3c-42ab-8aee-3c2dc3256c75/data_level0.bin, .wabblespec/state/memory/7cd9f131-1f3c-42ab-8aee-3c2dc3256c75/length.bin, .wabblespec/state/memory/chroma.sqlite3 ...
[2026-05-30T12:38:20Z] [LAPTOP-AHBS9745] [push] committed: wabblespec: sync LAPTOP-AHBS9745 2026-05-30T12:38:20Z
[2026-05-30T12:38:26Z] [LAPTOP-AHBS9745] [push] pushed to origin/main
[2026-05-30T12:42:07Z] [LAPTOP-AHBS9745] [pull] already up to date
[2026-05-30T12:43:35Z] [LAPTOP-AHBS9745] [push] 17 file(s) changed: .wabblespec/INDEX.md, .wabblespec/state/logs/sync.log, .wabblespec/state/memory/7cd9f131-1f3c-42ab-8aee-3c2dc3256c75/data_level0.bin, .wabblespec/state/memory/7cd9f131-1f3c-42ab-8aee-3c2dc3256c75/length.bin, .wabblespec/state/memory/chroma.sqlite3 ...
[2026-05-30T12:43:37Z] [LAPTOP-AHBS9745] [push] committed: wabblespec: sync LAPTOP-AHBS9745 2026-05-30T12:43:37Z
[2026-05-30T12:43:44Z] [LAPTOP-AHBS9745] [push] pushed to origin/main
[2026-05-30T12:44:22Z] [LAPTOP-AHBS9745] [pull] already up to date
[2026-05-30T12:50:40Z] [LAPTOP-AHBS9745] [push] 17 file(s) changed: .wabblespec/INDEX.md, .wabblespec/state/logs/sync.log, .wabblespec/state/memory/7cd9f131-1f3c-42ab-8aee-3c2dc3256c75/data_level0.bin, .wabblespec/state/memory/7cd9f131-1f3c-42ab-8aee-3c2dc3256c75/length.bin, .wabblespec/state/memory/chroma.sqlite3 ...
[2026-05-30T12:50:42Z] [LAPTOP-AHBS9745] [push] committed: wabblespec: sync LAPTOP-AHBS9745 2026-05-30T12:50:42Z
[2026-05-30T12:50:50Z] [LAPTOP-AHBS9745] [push] pushed to origin/main
[2026-05-30T12:55:02Z] [LAPTOP-AHBS9745] [push] 18 file(s) changed: .wabblespec/INDEX.md, .wabblespec/engine/shared/references/staleness-states.md, .wabblespec/state/logs/sync.log, .wabblespec/state/memory/7cd9f131-1f3c-42ab-8aee-3c2dc3256c75/data_level0.bin, .wabblespec/state/memory/7cd9f131-1f3c-42ab-8aee-3c2dc3256c75/length.bin ...
[2026-05-30T12:55:04Z] [LAPTOP-AHBS9745] [push] committed: wabblespec: sync LAPTOP-AHBS9745 2026-05-30T12:55:03Z
[2026-05-30T12:55:11Z] [LAPTOP-AHBS9745] [push] pushed to origin/main
[2026-05-30T12:55:55Z] [LAPTOP-AHBS9745] [pull] already up to date
[2026-05-30T13:09:27Z] [LAPTOP-AHBS9745] [push] 17 file(s) changed: .wabblespec/INDEX.md, .wabblespec/state/logs/sync.log, .wabblespec/state/memory/7cd9f131-1f3c-42ab-8aee-3c2dc3256c75/data_level0.bin, .wabblespec/state/memory/7cd9f131-1f3c-42ab-8aee-3c2dc3256c75/length.bin, .wabblespec/state/memory/chroma.sqlite3 ...
[2026-05-30T13:09:29Z] [LAPTOP-AHBS9745] [push] committed: wabblespec: sync LAPTOP-AHBS9745 2026-05-30T13:09:28Z
[2026-05-30T13:09:35Z] [LAPTOP-AHBS9745] [push] pushed to origin/main
[2026-05-30T13:10:41Z] [LAPTOP-AHBS9745] [push] 17 file(s) changed: .wabblespec/INDEX.md, .wabblespec/state/logs/sync.log, .wabblespec/state/memory/7cd9f131-1f3c-42ab-8aee-3c2dc3256c75/data_level0.bin, .wabblespec/state/memory/7cd9f131-1f3c-42ab-8aee-3c2dc3256c75/length.bin, .wabblespec/state/memory/chroma.sqlite3 ...
[2026-05-30T13:10:43Z] [LAPTOP-AHBS9745] [push] committed: wabblespec: sync LAPTOP-AHBS9745 2026-05-30T13:10:43Z
[2026-05-30T13:10:49Z] [LAPTOP-AHBS9745] [push] pushed to origin/main
[2026-05-30T13:10:52Z] [LAPTOP-AHBS9745] [pull] already up to date
[2026-05-30T13:18:12Z] [LAPTOP-AHBS9745] [push] 17 file(s) changed: .wabblespec/INDEX.md, .wabblespec/state/logs/sync.log, .wabblespec/state/memory/7cd9f131-1f3c-42ab-8aee-3c2dc3256c75/data_level0.bin, .wabblespec/state/memory/7cd9f131-1f3c-42ab-8aee-3c2dc3256c75/length.bin, .wabblespec/state/memory/chroma.sqlite3 ...
[2026-05-30T13:18:14Z] [LAPTOP-AHBS9745] [push] committed: wabblespec: sync LAPTOP-AHBS9745 2026-05-30T13:18:13Z
[2026-05-30T13:18:20Z] [LAPTOP-AHBS9745] [push] pushed to origin/main
[2026-05-30T13:24:18Z] [LAPTOP-AHBS9745] [push] 19 file(s) changed: .wabblespec/INDEX.md, .wabblespec/engine/hooks/wabblespec-session-start.js, .wabblespec/state/logs/sync.log, .wabblespec/state/memory/7cd9f131-1f3c-42ab-8aee-3c2dc3256c75/data_level0.bin, .wabblespec/state/memory/7cd9f131-1f3c-42ab-8aee-3c2dc3256c75/length.bin ...
[2026-05-30T13:24:20Z] [LAPTOP-AHBS9745] [push] committed: wabblespec: sync LAPTOP-AHBS9745 2026-05-30T13:24:19Z
[2026-05-30T13:24:26Z] [LAPTOP-AHBS9745] [push] pushed to origin/main
[2026-05-30T13:27:30Z] [LAPTOP-AHBS9745] [push] 21 file(s) changed: .wabblespec/INDEX.md, .wabblespec/engine/modules/l1/decompose/SKILL.md, .wabblespec/engine/modules/l2/executor/SKILL.md, .wabblespec/engine/modules/l2/guard/SKILL.md, .wabblespec/engine/modules/l7/archive/SKILL.md ...
[2026-05-30T13:27:32Z] [LAPTOP-AHBS9745] [push] committed: wabblespec: sync LAPTOP-AHBS9745 2026-05-30T13:27:32Z
[2026-05-30T13:27:39Z] [LAPTOP-AHBS9745] [push] pushed to origin/main
[2026-05-30T13:31:23Z] [LAPTOP-AHBS9745] [push] 17 file(s) changed: .wabblespec/INDEX.md, .wabblespec/state/logs/sync.log, .wabblespec/state/memory/7cd9f131-1f3c-42ab-8aee-3c2dc3256c75/data_level0.bin, .wabblespec/state/memory/7cd9f131-1f3c-42ab-8aee-3c2dc3256c75/length.bin, .wabblespec/state/memory/chroma.sqlite3 ...
[2026-05-30T13:31:25Z] [LAPTOP-AHBS9745] [push] committed: wabblespec: sync LAPTOP-AHBS9745 2026-05-30T13:31:24Z
[2026-05-30T13:31:31Z] [LAPTOP-AHBS9745] [push] pushed to origin/main
[2026-05-30T13:32:07Z] [LAPTOP-AHBS9745] [pull] already up to date
[2026-05-30T13:40:50Z] [LAPTOP-AHBS9745] [push] 18 file(s) changed: .wabblespec/INDEX.md, .wabblespec/state/logs/sync.log, .wabblespec/state/memory/7cd9f131-1f3c-42ab-8aee-3c2dc3256c75/data_level0.bin, .wabblespec/state/memory/7cd9f131-1f3c-42ab-8aee-3c2dc3256c75/length.bin, .wabblespec/state/memory/chroma.sqlite3 ...
[2026-05-30T13:40:52Z] [LAPTOP-AHBS9745] [push] committed: wabblespec: sync LAPTOP-AHBS9745 2026-05-30T13:40:52Z
[2026-05-30T13:40:58Z] [LAPTOP-AHBS9745] [push] pushed to origin/main
[2026-05-30T13:45:59Z] [LAPTOP-AHBS9745] [push] 22 file(s) changed: .wabblespec/INDEX.md, .wabblespec/engine/modules/l2/adversary/SKILL.md, .wabblespec/engine/modules/l2/autopilot/SKILL.md, .wabblespec/engine/modules/l2/executor/SKILL.md, .wabblespec/engine/modules/l2/guard/SKILL.md ...
[2026-05-30T13:46:01Z] [LAPTOP-AHBS9745] [push] committed: wabblespec: sync LAPTOP-AHBS9745 2026-05-30T13:46:00Z
[2026-05-30T13:46:09Z] [LAPTOP-AHBS9745] [push] pushed to origin/main
[2026-05-30T13:46:52Z] [LAPTOP-AHBS9745] [pull] already up to date
[2026-05-30T13:49:06Z] [LAPTOP-AHBS9745] [push] 17 file(s) changed: .wabblespec/INDEX.md, .wabblespec/state/logs/sync.log, .wabblespec/state/memory/7cd9f131-1f3c-42ab-8aee-3c2dc3256c75/data_level0.bin, .wabblespec/state/memory/7cd9f131-1f3c-42ab-8aee-3c2dc3256c75/length.bin, .wabblespec/state/memory/chroma.sqlite3 ...
[2026-05-30T13:49:08Z] [LAPTOP-AHBS9745] [push] committed: wabblespec: sync LAPTOP-AHBS9745 2026-05-30T13:49:08Z
[2026-05-30T13:49:14Z] [LAPTOP-AHBS9745] [push] pushed to origin/main
[2026-05-30T13:54:08Z] [LAPTOP-AHBS9745] [push] 17 file(s) changed: .wabblespec/INDEX.md, .wabblespec/state/logs/sync.log, .wabblespec/state/memory/7cd9f131-1f3c-42ab-8aee-3c2dc3256c75/data_level0.bin, .wabblespec/state/memory/7cd9f131-1f3c-42ab-8aee-3c2dc3256c75/length.bin, .wabblespec/state/memory/chroma.sqlite3 ...
[2026-05-30T13:54:10Z] [LAPTOP-AHBS9745] [push] committed: wabblespec: sync LAPTOP-AHBS9745 2026-05-30T13:54:10Z
[2026-05-30T13:54:16Z] [LAPTOP-AHBS9745] [push] pushed to origin/main
[2026-05-30T13:57:29Z] [LAPTOP-AHBS9745] [push] 19 file(s) changed: .wabblespec/INDEX.md, .wabblespec/state/logs/sync.log, .wabblespec/state/memory/7cd9f131-1f3c-42ab-8aee-3c2dc3256c75/data_level0.bin, .wabblespec/state/memory/7cd9f131-1f3c-42ab-8aee-3c2dc3256c75/length.bin, .wabblespec/state/memory/chroma.sqlite3 ...
[2026-05-30T13:57:30Z] [LAPTOP-AHBS9745] [push] committed: wabblespec: sync LAPTOP-AHBS9745 2026-05-30T13:57:30Z
[2026-05-30T13:57:37Z] [LAPTOP-AHBS9745] [push] pushed to origin/main
[2026-05-30T14:35:38Z] [LAPTOP-AHBS9745] [push] 49 file(s) changed: .wabblespec/engine/hooks/wabblespec-precompact.js, .wabblespec/engine/hooks/wabblespec-session-start.js, .wabblespec/engine/modules/l2/framework-maintenance/skill-rules.json, .wabblespec/engine/shared/scripts/recipe-writer.py, .wabblespec/state/logs/sync.log ...
[2026-05-30T14:35:41Z] [LAPTOP-AHBS9745] [push] committed: wabblespec: sync LAPTOP-AHBS9745 2026-05-30T14:35:40Z
[2026-05-30T14:35:56Z] [LAPTOP-AHBS9745] [push] pushed to origin/main
[2026-05-30T14:36:35Z] [LAPTOP-AHBS9745] [push] 17 file(s) changed: .wabblespec/engine/modules/l5/dream/scripts/dream.py, .wabblespec/state/logs/sync.log, .wabblespec/state/memory/7cd9f131-1f3c-42ab-8aee-3c2dc3256c75/data_level0.bin, .wabblespec/state/memory/7cd9f131-1f3c-42ab-8aee-3c2dc3256c75/length.bin, .wabblespec/state/memory/chroma.sqlite3 ...
[2026-05-30T14:36:38Z] [LAPTOP-AHBS9745] [push] committed: wabblespec: sync LAPTOP-AHBS9745 2026-05-30T14:36:38Z
[2026-05-30T14:36:45Z] [LAPTOP-AHBS9745] [push] pushed to origin/main
[2026-05-30T14:40:53Z] [LAPTOP-AHBS9745] [push] 16 file(s) changed: .wabblespec/state/logs/sync.log, .wabblespec/state/memory/7cd9f131-1f3c-42ab-8aee-3c2dc3256c75/data_level0.bin, .wabblespec/state/memory/7cd9f131-1f3c-42ab-8aee-3c2dc3256c75/length.bin, .wabblespec/state/memory/chroma.sqlite3, .wabblespec/state/memory/dream-log.json ...
[2026-05-30T14:40:56Z] [LAPTOP-AHBS9745] [push] committed: wabblespec: sync LAPTOP-AHBS9745 2026-05-30T14:40:55Z
[2026-05-30T14:41:04Z] [LAPTOP-AHBS9745] [push] pushed to origin/main
[2026-05-30T14:44:23Z] [LAPTOP-AHBS9745] [push] 17 file(s) changed: .wabblespec/engine/shared/scripts/queue-orchestrator.py, .wabblespec/state/logs/sync.log, .wabblespec/state/memory/7cd9f131-1f3c-42ab-8aee-3c2dc3256c75/data_level0.bin, .wabblespec/state/memory/7cd9f131-1f3c-42ab-8aee-3c2dc3256c75/length.bin, .wabblespec/state/memory/chroma.sqlite3 ...
[2026-05-30T14:44:26Z] [LAPTOP-AHBS9745] [push] committed: wabblespec: sync LAPTOP-AHBS9745 2026-05-30T14:44:25Z
[2026-05-30T14:44:33Z] [LAPTOP-AHBS9745] [push] pushed to origin/main
[2026-05-30T14:46:32Z] [LAPTOP-AHBS9745] [push] 20 file(s) changed: .wabblespec/CHANGELOG.md, .wabblespec/INDEX.md, .wabblespec/VERSION, .wabblespec/state/archive/receipt-index.json, .wabblespec/state/logs/sync.log ...
[2026-05-30T14:46:34Z] [LAPTOP-AHBS9745] [push] committed: wabblespec: sync LAPTOP-AHBS9745 2026-05-30T14:46:34Z
[2026-05-30T14:46:42Z] [LAPTOP-AHBS9745] [push] pushed to origin/main
[2026-05-30T16:50:57Z] [LAPTOP-AHBS9745] [pull] already up to date
[2026-05-30T16:51:21Z] [LAPTOP-AHBS9745] [pull] already up to date
[2026-05-30T16:51:46Z] [LAPTOP-AHBS9745] [pull] already up to date
[2026-05-30T17:09:10Z] [LAPTOP-AHBS9745] [push] 19 file(s) changed: .wabblespec/INDEX.md, .wabblespec/engine/hooks/wabblespec-statusline.ps1, .wabblespec/state/logs/sync.log, .wabblespec/state/memory/7cd9f131-1f3c-42ab-8aee-3c2dc3256c75/data_level0.bin, .wabblespec/state/memory/7cd9f131-1f3c-42ab-8aee-3c2dc3256c75/length.bin ...
[2026-05-30T17:09:12Z] [LAPTOP-AHBS9745] [push] committed: wabblespec: sync LAPTOP-AHBS9745 2026-05-30T17:09:11Z
[2026-05-30T17:09:20Z] [LAPTOP-AHBS9745] [push] pushed to origin/main
[2026-05-30T17:16:51Z] [LAPTOP-AHBS9745] [push] 18 file(s) changed: .wabblespec/INDEX.md, .wabblespec/engine/shared/scripts/wabblespec-hud.py, .wabblespec/state/logs/sync.log, .wabblespec/state/memory/7cd9f131-1f3c-42ab-8aee-3c2dc3256c75/data_level0.bin, .wabblespec/state/memory/7cd9f131-1f3c-42ab-8aee-3c2dc3256c75/length.bin ...
[2026-05-30T17:16:53Z] [LAPTOP-AHBS9745] [push] committed: wabblespec: sync LAPTOP-AHBS9745 2026-05-30T17:16:52Z
[2026-05-30T17:17:01Z] [LAPTOP-AHBS9745] [push] pushed to origin/main
[2026-05-30T17:18:38Z] [LAPTOP-AHBS9745] [push] 18 file(s) changed: .wabblespec/INDEX.md, .wabblespec/engine/shared/scripts/wabblespec-hud.py, .wabblespec/state/logs/sync.log, .wabblespec/state/memory/7cd9f131-1f3c-42ab-8aee-3c2dc3256c75/data_level0.bin, .wabblespec/state/memory/7cd9f131-1f3c-42ab-8aee-3c2dc3256c75/length.bin ...
[2026-05-30T17:18:40Z] [LAPTOP-AHBS9745] [push] committed: wabblespec: sync LAPTOP-AHBS9745 2026-05-30T17:18:40Z
[2026-05-30T17:18:47Z] [LAPTOP-AHBS9745] [push] pushed to origin/main
[2026-05-30T17:21:15Z] [LAPTOP-AHBS9745] [push] 18 file(s) changed: .wabblespec/INDEX.md, .wabblespec/engine/shared/scripts/wabblespec-hud.py, .wabblespec/state/logs/sync.log, .wabblespec/state/memory/7cd9f131-1f3c-42ab-8aee-3c2dc3256c75/data_level0.bin, .wabblespec/state/memory/7cd9f131-1f3c-42ab-8aee-3c2dc3256c75/length.bin ...
[2026-05-30T17:21:17Z] [LAPTOP-AHBS9745] [push] committed: wabblespec: sync LAPTOP-AHBS9745 2026-05-30T17:21:16Z
[2026-05-30T17:21:25Z] [LAPTOP-AHBS9745] [push] pushed to origin/main
[2026-05-30T17:24:06Z] [LAPTOP-AHBS9745] [push] 18 file(s) changed: .wabblespec/INDEX.md, .wabblespec/engine/shared/scripts/wabblespec-hud.py, .wabblespec/state/logs/sync.log, .wabblespec/state/memory/7cd9f131-1f3c-42ab-8aee-3c2dc3256c75/data_level0.bin, .wabblespec/state/memory/7cd9f131-1f3c-42ab-8aee-3c2dc3256c75/length.bin ...
[2026-05-30T17:24:08Z] [LAPTOP-AHBS9745] [push] committed: wabblespec: sync LAPTOP-AHBS9745 2026-05-30T17:24:07Z
[2026-05-30T17:24:15Z] [LAPTOP-AHBS9745] [push] pushed to origin/main
[2026-05-30T17:26:10Z] [LAPTOP-AHBS9745] [push] 18 file(s) changed: .wabblespec/INDEX.md, .wabblespec/engine/shared/scripts/wabblespec-hud.py, .wabblespec/state/logs/sync.log, .wabblespec/state/memory/7cd9f131-1f3c-42ab-8aee-3c2dc3256c75/data_level0.bin, .wabblespec/state/memory/7cd9f131-1f3c-42ab-8aee-3c2dc3256c75/length.bin ...
[2026-05-30T17:26:12Z] [LAPTOP-AHBS9745] [push] committed: wabblespec: sync LAPTOP-AHBS9745 2026-05-30T17:26:12Z
[2026-05-30T17:26:18Z] [LAPTOP-AHBS9745] [push] pushed to origin/main
[2026-05-30T17:27:57Z] [LAPTOP-AHBS9745] [push] 18 file(s) changed: .wabblespec/INDEX.md, .wabblespec/engine/shared/scripts/wabblespec-hud.py, .wabblespec/state/logs/sync.log, .wabblespec/state/memory/7cd9f131-1f3c-42ab-8aee-3c2dc3256c75/data_level0.bin, .wabblespec/state/memory/7cd9f131-1f3c-42ab-8aee-3c2dc3256c75/length.bin ...
[2026-05-30T17:27:59Z] [LAPTOP-AHBS9745] [push] committed: wabblespec: sync LAPTOP-AHBS9745 2026-05-30T17:27:59Z
[2026-05-30T17:28:05Z] [LAPTOP-AHBS9745] [push] pushed to origin/main
[2026-05-30T17:32:52Z] [LAPTOP-AHBS9745] [push] 18 file(s) changed: .wabblespec/INDEX.md, .wabblespec/engine/shared/scripts/wabblespec-hud.py, .wabblespec/state/logs/sync.log, .wabblespec/state/memory/7cd9f131-1f3c-42ab-8aee-3c2dc3256c75/data_level0.bin, .wabblespec/state/memory/7cd9f131-1f3c-42ab-8aee-3c2dc3256c75/length.bin ...
[2026-05-30T17:32:53Z] [LAPTOP-AHBS9745] [push] committed: wabblespec: sync LAPTOP-AHBS9745 2026-05-30T17:32:53Z
[2026-05-30T17:33:00Z] [LAPTOP-AHBS9745] [push] pushed to origin/main
[2026-05-30T17:34:00Z] [LAPTOP-AHBS9745] [push] 18 file(s) changed: .wabblespec/INDEX.md, .wabblespec/engine/shared/scripts/wabblespec-hud.py, .wabblespec/state/logs/sync.log, .wabblespec/state/memory/7cd9f131-1f3c-42ab-8aee-3c2dc3256c75/data_level0.bin, .wabblespec/state/memory/7cd9f131-1f3c-42ab-8aee-3c2dc3256c75/length.bin ...
[2026-05-30T17:34:02Z] [LAPTOP-AHBS9745] [push] committed: wabblespec: sync LAPTOP-AHBS9745 2026-05-30T17:34:02Z
[2026-05-30T17:34:08Z] [LAPTOP-AHBS9745] [push] pushed to origin/main
[2026-05-30T17:35:08Z] [LAPTOP-AHBS9745] [push] 18 file(s) changed: .wabblespec/INDEX.md, .wabblespec/engine/shared/scripts/wabblespec-hud.py, .wabblespec/state/logs/sync.log, .wabblespec/state/memory/7cd9f131-1f3c-42ab-8aee-3c2dc3256c75/data_level0.bin, .wabblespec/state/memory/7cd9f131-1f3c-42ab-8aee-3c2dc3256c75/length.bin ...
[2026-05-30T17:35:10Z] [LAPTOP-AHBS9745] [push] committed: wabblespec: sync LAPTOP-AHBS9745 2026-05-30T17:35:10Z
[2026-05-30T17:35:17Z] [LAPTOP-AHBS9745] [push] pushed to origin/main
[2026-05-30T17:43:37Z] [LAPTOP-AHBS9745] [push] 18 file(s) changed: .wabblespec/INDEX.md, .wabblespec/engine/shared/scripts/wabblespec-hud.py, .wabblespec/state/logs/sync.log, .wabblespec/state/memory/7cd9f131-1f3c-42ab-8aee-3c2dc3256c75/data_level0.bin, .wabblespec/state/memory/7cd9f131-1f3c-42ab-8aee-3c2dc3256c75/length.bin ...
[2026-05-30T17:43:38Z] [LAPTOP-AHBS9745] [push] committed: wabblespec: sync LAPTOP-AHBS9745 2026-05-30T17:43:38Z
[2026-05-30T17:43:45Z] [LAPTOP-AHBS9745] [push] pushed to origin/main
[2026-05-30T17:45:31Z] [LAPTOP-AHBS9745] [push] 18 file(s) changed: .wabblespec/INDEX.md, .wabblespec/engine/shared/scripts/wabblespec-hud.py, .wabblespec/state/logs/sync.log, .wabblespec/state/memory/7cd9f131-1f3c-42ab-8aee-3c2dc3256c75/data_level0.bin, .wabblespec/state/memory/7cd9f131-1f3c-42ab-8aee-3c2dc3256c75/length.bin ...
[2026-05-30T17:45:34Z] [LAPTOP-AHBS9745] [push] committed: wabblespec: sync LAPTOP-AHBS9745 2026-05-30T17:45:34Z
[2026-05-30T17:45:41Z] [LAPTOP-AHBS9745] [push] pushed to origin/main
[2026-05-30T17:50:11Z] [LAPTOP-AHBS9745] [pull] already up to date
[2026-05-30T17:55:16Z] [LAPTOP-AHBS9745] [pull] already up to date
[2026-05-30T17:56:41Z] [LAPTOP-AHBS9745] [push] 18 file(s) changed: .wabblespec/INDEX.md, .wabblespec/engine/shared/scripts/wabblespec-hud.py, .wabblespec/state/logs/sync.log, .wabblespec/state/memory/7cd9f131-1f3c-42ab-8aee-3c2dc3256c75/data_level0.bin, .wabblespec/state/memory/7cd9f131-1f3c-42ab-8aee-3c2dc3256c75/length.bin ...
[2026-05-30T17:56:43Z] [LAPTOP-AHBS9745] [push] committed: wabblespec: sync LAPTOP-AHBS9745 2026-05-30T17:56:43Z
[2026-05-30T17:56:55Z] [LAPTOP-AHBS9745] [push] pushed to origin/main
[2026-05-30T17:58:01Z] [LAPTOP-AHBS9745] [push] 17 file(s) changed: .wabblespec/INDEX.md, .wabblespec/state/logs/sync.log, .wabblespec/state/memory/7cd9f131-1f3c-42ab-8aee-3c2dc3256c75/data_level0.bin, .wabblespec/state/memory/7cd9f131-1f3c-42ab-8aee-3c2dc3256c75/length.bin, .wabblespec/state/memory/chroma.sqlite3 ...
[2026-05-30T17:58:04Z] [LAPTOP-AHBS9745] [push] committed: wabblespec: sync LAPTOP-AHBS9745 2026-05-30T17:58:03Z
[2026-05-30T17:58:10Z] [LAPTOP-AHBS9745] [push] pushed to origin/main
[2026-05-30T17:58:22Z] [LAPTOP-AHBS9745] [push] 17 file(s) changed: .wabblespec/INDEX.md, .wabblespec/state/logs/sync.log, .wabblespec/state/memory/7cd9f131-1f3c-42ab-8aee-3c2dc3256c75/data_level0.bin, .wabblespec/state/memory/7cd9f131-1f3c-42ab-8aee-3c2dc3256c75/length.bin, .wabblespec/state/memory/chroma.sqlite3 ...
[2026-05-30T17:58:25Z] [LAPTOP-AHBS9745] [push] committed: wabblespec: sync LAPTOP-AHBS9745 2026-05-30T17:58:25Z
[2026-05-30T17:58:31Z] [LAPTOP-AHBS9745] [push] pushed to origin/main
[2026-05-30T18:00:26Z] [LAPTOP-AHBS9745] [push] 17 file(s) changed: .wabblespec/INDEX.md, .wabblespec/state/logs/sync.log, .wabblespec/state/memory/7cd9f131-1f3c-42ab-8aee-3c2dc3256c75/data_level0.bin, .wabblespec/state/memory/7cd9f131-1f3c-42ab-8aee-3c2dc3256c75/length.bin, .wabblespec/state/memory/chroma.sqlite3 ...
[2026-05-30T18:00:28Z] [LAPTOP-AHBS9745] [push] committed: wabblespec: sync LAPTOP-AHBS9745 2026-05-30T18:00:28Z
[2026-05-30T18:00:34Z] [LAPTOP-AHBS9745] [push] pushed to origin/main
[2026-05-30T18:03:38Z] [LAPTOP-AHBS9745] [push] 19 file(s) changed: .wabblespec/INDEX.md, .wabblespec/engine/modules/l2/guard/rules/invariant-checklist.md, .wabblespec/engine/shared/scripts/drawer-writer.py, .wabblespec/state/logs/sync.log, .wabblespec/state/memory/7cd9f131-1f3c-42ab-8aee-3c2dc3256c75/data_level0.bin ...
[2026-05-30T18:03:40Z] [LAPTOP-AHBS9745] [push] committed: wabblespec: sync LAPTOP-AHBS9745 2026-05-30T18:03:39Z
[2026-05-30T18:03:46Z] [LAPTOP-AHBS9745] [push] pushed to origin/main
[2026-05-30T18:06:49Z] [LAPTOP-AHBS9745] [push] 20 file(s) changed: .wabblespec/INDEX.md, .wabblespec/engine/modules/l2/adversary/SKILL.md, .wabblespec/engine/modules/l2/executor/SKILL.md, .wabblespec/engine/modules/l2/verifier/SKILL.md, .wabblespec/state/logs/sync.log ...
[2026-05-30T18:06:51Z] [LAPTOP-AHBS9745] [push] committed: wabblespec: sync LAPTOP-AHBS9745 2026-05-30T18:06:50Z
[2026-05-30T18:06:58Z] [LAPTOP-AHBS9745] [push] pushed to origin/main
[2026-05-30T18:07:20Z] [LAPTOP-AHBS9745] [push] 17 file(s) changed: .wabblespec/INDEX.md, .wabblespec/state/logs/sync.log, .wabblespec/state/memory/7cd9f131-1f3c-42ab-8aee-3c2dc3256c75/data_level0.bin, .wabblespec/state/memory/7cd9f131-1f3c-42ab-8aee-3c2dc3256c75/length.bin, .wabblespec/state/memory/chroma.sqlite3 ...
[2026-05-30T18:07:22Z] [LAPTOP-AHBS9745] [push] committed: wabblespec: sync LAPTOP-AHBS9745 2026-05-30T18:07:22Z
[2026-05-30T18:07:29Z] [LAPTOP-AHBS9745] [push] pushed to origin/main
[2026-05-30T18:09:08Z] [LAPTOP-AHBS9745] [push] 17 file(s) changed: .wabblespec/INDEX.md, .wabblespec/state/logs/sync.log, .wabblespec/state/memory/7cd9f131-1f3c-42ab-8aee-3c2dc3256c75/data_level0.bin, .wabblespec/state/memory/7cd9f131-1f3c-42ab-8aee-3c2dc3256c75/length.bin, .wabblespec/state/memory/chroma.sqlite3 ...
[2026-05-30T18:09:09Z] [LAPTOP-AHBS9745] [push] committed: wabblespec: sync LAPTOP-AHBS9745 2026-05-30T18:09:09Z
[2026-05-30T18:09:18Z] [LAPTOP-AHBS9745] [push] pushed to origin/main
[2026-05-30T18:10:30Z] [LAPTOP-AHBS9745] [push] 21 file(s) changed: .wabblespec/CHANGELOG.md, .wabblespec/INDEX.md, .wabblespec/VERSION, .wabblespec/state/archive/receipt-index.json, .wabblespec/state/logs/sync.log ...
[2026-05-30T18:10:32Z] [LAPTOP-AHBS9745] [push] committed: wabblespec: sync LAPTOP-AHBS9745 2026-05-30T18:10:32Z
[2026-05-30T18:10:40Z] [LAPTOP-AHBS9745] [push] pushed to origin/main
[2026-05-30T18:13:31Z] [LAPTOP-AHBS9745] [push] 19 file(s) changed: .wabblespec/INDEX.md, .wabblespec/engine/shared/scripts/drawer-writer.py, .wabblespec/state/logs/sync.log, .wabblespec/state/memory/7cd9f131-1f3c-42ab-8aee-3c2dc3256c75/data_level0.bin, .wabblespec/state/memory/7cd9f131-1f3c-42ab-8aee-3c2dc3256c75/length.bin ...
[2026-05-30T18:13:33Z] [LAPTOP-AHBS9745] [push] committed: wabblespec: sync LAPTOP-AHBS9745 2026-05-30T18:13:33Z
[2026-05-30T18:13:39Z] [LAPTOP-AHBS9745] [push] pushed to origin/main
[2026-05-30T18:15:21Z] [LAPTOP-AHBS9745] [pull] already up to date
[2026-05-30T18:30:03Z] [LAPTOP-AHBS9745] [push] 18 file(s) changed: .wabblespec/INDEX.md, .wabblespec/engine/shared/scripts/quality-floor-check.py, .wabblespec/state/logs/sync.log, .wabblespec/state/memory/7cd9f131-1f3c-42ab-8aee-3c2dc3256c75/data_level0.bin, .wabblespec/state/memory/7cd9f131-1f3c-42ab-8aee-3c2dc3256c75/length.bin ...
[2026-05-30T18:30:03Z] [LAPTOP-AHBS9745] [push] git add failed: fatal: Unable to create 'C:/Vaults/WabbleSpec v6.1/.git/index.lock': File exists.

Another git process seems to be running in this repository, e.g.
an editor opened by 'git commit'. Please make sure all processes
are terminated then try again. If it still fails, a git process
may have crashed in this repository earlier:
remove the file manually to continue.
[2026-05-30T18:34:29Z] [LAPTOP-AHBS9745] [pull] already up to date
[2026-05-30T18:37:14Z] [LAPTOP-AHBS9745] [pull] already up to date
[2026-05-30T18:39:09Z] [LAPTOP-AHBS9745] [push] 25 file(s) changed: .wabblespec/INDEX.md, .wabblespec/engine/modules/l1/explore/SKILL.md, .wabblespec/engine/modules/l1/test/SKILL.md, .wabblespec/engine/modules/l3/cli/SKILL.md, .wabblespec/engine/modules/l5/memory/SKILL.md ...
[2026-05-30T18:39:09Z] [LAPTOP-AHBS9745] [push] git add failed: fatal: Unable to create 'C:/Vaults/WabbleSpec v6.1/.git/index.lock': File exists.

Another git process seems to be running in this repository, e.g.
an editor opened by 'git commit'. Please make sure all processes
are terminated then try again. If it still fails, a git process
may have crashed in this repository earlier:
remove the file manually to continue.
[2026-05-30T18:39:27Z] [LAPTOP-AHBS9745] [pull] already up to date
[2026-05-30T18:42:21Z] [LAPTOP-AHBS9745] [push] 25 file(s) changed: .wabblespec/INDEX.md, .wabblespec/engine/modules/l1/explore/SKILL.md, .wabblespec/engine/modules/l1/test/SKILL.md, .wabblespec/engine/modules/l3/cli/SKILL.md, .wabblespec/engine/modules/l5/memory/SKILL.md ...
[2026-05-30T18:42:21Z] [LAPTOP-AHBS9745] [push] git add failed: fatal: Unable to create 'C:/Vaults/WabbleSpec v6.1/.git/index.lock': File exists.

Another git process seems to be running in this repository, e.g.
an editor opened by 'git commit'. Please make sure all processes
are terminated then try again. If it still fails, a git process
may have crashed in this repository earlier:
remove the file manually to continue.
[2026-05-30T18:44:01Z] [LAPTOP-AHBS9745] [push] 25 file(s) changed: .wabblespec/INDEX.md, .wabblespec/engine/modules/l1/explore/SKILL.md, .wabblespec/engine/modules/l1/test/SKILL.md, .wabblespec/engine/modules/l3/cli/SKILL.md, .wabblespec/engine/modules/l5/memory/SKILL.md ...
[2026-05-30T18:44:01Z] [LAPTOP-AHBS9745] [push] git add failed: fatal: Unable to create 'C:/Vaults/WabbleSpec v6.1/.git/index.lock': File exists.

Another git process seems to be running in this repository, e.g.
an editor opened by 'git commit'. Please make sure all processes
are terminated then try again. If it still fails, a git process
may have crashed in this repository earlier:
remove the file manually to continue.
[2026-05-30T18:45:14Z] [LAPTOP-AHBS9745] [push] 25 file(s) changed: .wabblespec/INDEX.md, .wabblespec/engine/modules/l1/explore/SKILL.md, .wabblespec/engine/modules/l1/test/SKILL.md, .wabblespec/engine/modules/l3/cli/SKILL.md, .wabblespec/engine/modules/l5/memory/SKILL.md ...
[2026-05-30T18:45:14Z] [LAPTOP-AHBS9745] [push] git add failed: fatal: Unable to create 'C:/Vaults/WabbleSpec v6.1/.git/index.lock': File exists.

Another git process seems to be running in this repository, e.g.
an editor opened by 'git commit'. Please make sure all processes
are terminated then try again. If it still fails, a git process
may have crashed in this repository earlier:
remove the file manually to continue.
[2026-05-30T18:52:08Z] [LAPTOP-AHBS9745] [pull] already up to date
[2026-05-30T18:53:23Z] [LAPTOP-AHBS9745] [push] 27 file(s) changed: .wabblespec/INDEX.md, .wabblespec/engine/modules/l1/explore/SKILL.md, .wabblespec/engine/modules/l1/test/SKILL.md, .wabblespec/engine/modules/l3/cli/SKILL.md, .wabblespec/engine/modules/l4/aesthetic/SKILL.md ...
[2026-05-30T18:53:23Z] [LAPTOP-AHBS9745] [push] git add failed: fatal: Unable to create 'C:/Vaults/WabbleSpec v6.1/.git/index.lock': File exists.

Another git process seems to be running in this repository, e.g.
an editor opened by 'git commit'. Please make sure all processes
are terminated then try again. If it still fails, a git process
may have crashed in this repository earlier:
remove the file manually to continue.
[2026-05-30T18:54:29Z] [LAPTOP-AHBS9745] [push] 29 file(s) changed: .wabblespec/INDEX.md, .wabblespec/engine/modules/l1/explore/SKILL.md, .wabblespec/engine/modules/l1/test/SKILL.md, .wabblespec/engine/modules/l3/cli/SKILL.md, .wabblespec/engine/modules/l4/aesthetic/SKILL.md ...
[2026-05-30T18:54:30Z] [LAPTOP-AHBS9745] [push] git add failed: fatal: Unable to create 'C:/Vaults/WabbleSpec v6.1/.git/index.lock': File exists.

Another git process seems to be running in this repository, e.g.
an editor opened by 'git commit'. Please make sure all processes
are terminated then try again. If it still fails, a git process
may have crashed in this repository earlier:
remove the file manually to continue.
[2026-05-30T18:55:35Z] [LAPTOP-AHBS9745] [push] 29 file(s) changed: .wabblespec/INDEX.md, .wabblespec/engine/modules/l1/explore/SKILL.md, .wabblespec/engine/modules/l1/test/SKILL.md, .wabblespec/engine/modules/l3/cli/SKILL.md, .wabblespec/engine/modules/l4/aesthetic/SKILL.md ...
[2026-05-30T18:55:35Z] [LAPTOP-AHBS9745] [push] git add failed: fatal: Unable to create 'C:/Vaults/WabbleSpec v6.1/.git/index.lock': File exists.

Another git process seems to be running in this repository, e.g.
an editor opened by 'git commit'. Please make sure all processes
are terminated then try again. If it still fails, a git process
may have crashed in this repository earlier:
remove the file manually to continue.
[2026-05-30T19:05:54Z] [LAPTOP-AHBS9745] [push] 31 file(s) changed: .wabblespec/INDEX.md, .wabblespec/engine/modules/l1/explore/SKILL.md, .wabblespec/engine/modules/l1/test/SKILL.md, .wabblespec/engine/modules/l2/economy/SKILL.md, .wabblespec/engine/modules/l2/executor/SKILL.md ...
[2026-05-30T19:05:54Z] [LAPTOP-AHBS9745] [push] git add failed: fatal: Unable to create 'C:/Vaults/WabbleSpec v6.1/.git/index.lock': File exists.

Another git process seems to be running in this repository, e.g.
an editor opened by 'git commit'. Please make sure all processes
are terminated then try again. If it still fails, a git process
may have crashed in this repository earlier:
remove the file manually to continue.
[2026-05-30T19:11:51Z] [LAPTOP-AHBS9745] [push] 34 file(s) changed: .wabblespec/INDEX.md, .wabblespec/engine/modules/l1/explore/SKILL.md, .wabblespec/engine/modules/l1/test/SKILL.md, .wabblespec/engine/modules/l2/economy/SKILL.md, .wabblespec/engine/modules/l2/executor/SKILL.md ...
[2026-05-30T19:11:51Z] [LAPTOP-AHBS9745] [push] git add failed: fatal: Unable to create 'C:/Vaults/WabbleSpec v6.1/.git/index.lock': File exists.

Another git process seems to be running in this repository, e.g.
an editor opened by 'git commit'. Please make sure all processes
are terminated then try again. If it still fails, a git process
may have crashed in this repository earlier:
remove the file manually to continue.
[2026-05-30T19:14:43Z] [LAPTOP-AHBS9745] [pull] already up to date
[2026-05-30T19:31:48Z] [LAPTOP-AHBS9745] [push] 35 file(s) changed: .wabblespec/INDEX.md, .wabblespec/engine/modules/l1/explore/SKILL.md, .wabblespec/engine/modules/l1/test/SKILL.md, .wabblespec/engine/modules/l2/economy/SKILL.md, .wabblespec/engine/modules/l2/executor/SKILL.md ...
[2026-05-30T19:31:48Z] [LAPTOP-AHBS9745] [push] git add failed: fatal: Unable to create 'C:/Vaults/WabbleSpec v6.1/.git/index.lock': File exists.

Another git process seems to be running in this repository, e.g.
an editor opened by 'git commit'. Please make sure all processes
are terminated then try again. If it still fails, a git process
may have crashed in this repository earlier:
remove the file manually to continue.
[2026-05-30T20:13:32Z] [LAPTOP-AHBS9745] [push] 40 file(s) changed: .wabblespec/INDEX.md, .wabblespec/engine/modules/l1/explore/SKILL.md, .wabblespec/engine/modules/l1/test/SKILL.md, .wabblespec/engine/modules/l2/economy/SKILL.md, .wabblespec/engine/modules/l2/executor/SKILL.md ...
[2026-05-30T20:13:32Z] [LAPTOP-AHBS9745] [push] git add failed: fatal: Unable to create 'C:/Vaults/WabbleSpec v6.1/.git/index.lock': File exists.

Another git process seems to be running in this repository, e.g.
an editor opened by 'git commit'. Please make sure all processes
are terminated then try again. If it still fails, a git process
may have crashed in this repository earlier:
remove the file manually to continue.
[2026-05-30T20:41:40Z] [LAPTOP-AHBS9745] [push] 40 file(s) changed: .wabblespec/INDEX.md, .wabblespec/engine/modules/l1/explore/SKILL.md, .wabblespec/engine/modules/l1/test/SKILL.md, .wabblespec/engine/modules/l2/economy/SKILL.md, .wabblespec/engine/modules/l2/executor/SKILL.md ...
[2026-05-30T20:41:40Z] [LAPTOP-AHBS9745] [push] git add failed: fatal: Unable to create 'C:/Vaults/WabbleSpec v6.1/.git/index.lock': File exists.

Another git process seems to be running in this repository, e.g.
an editor opened by 'git commit'. Please make sure all processes
are terminated then try again. If it still fails, a git process
may have crashed in this repository earlier:
remove the file manually to continue.
[2026-05-30T20:56:33Z] [LAPTOP-AHBS9745] [push] 40 file(s) changed: .wabblespec/INDEX.md, .wabblespec/engine/modules/l1/explore/SKILL.md, .wabblespec/engine/modules/l1/test/SKILL.md, .wabblespec/engine/modules/l2/economy/SKILL.md, .wabblespec/engine/modules/l2/executor/SKILL.md ...
[2026-05-30T20:56:33Z] [LAPTOP-AHBS9745] [push] git add failed: fatal: Unable to create 'C:/Vaults/WabbleSpec v6.1/.git/index.lock': File exists.

Another git process seems to be running in this repository, e.g.
an editor opened by 'git commit'. Please make sure all processes
are terminated then try again. If it still fails, a git process
may have crashed in this repository earlier:
remove the file manually to continue.
[2026-05-30T21:00:54Z] [LAPTOP-AHBS9745] [push] 40 file(s) changed: .wabblespec/INDEX.md, .wabblespec/engine/modules/l1/explore/SKILL.md, .wabblespec/engine/modules/l1/test/SKILL.md, .wabblespec/engine/modules/l2/economy/SKILL.md, .wabblespec/engine/modules/l2/executor/SKILL.md ...
[2026-05-30T21:00:54Z] [LAPTOP-AHBS9745] [push] git add failed: fatal: Unable to create 'C:/Vaults/WabbleSpec v6.1/.git/index.lock': File exists.

Another git process seems to be running in this repository, e.g.
an editor opened by 'git commit'. Please make sure all processes
are terminated then try again. If it still fails, a git process
may have crashed in this repository earlier:
remove the file manually to continue.
[2026-05-31T00:37:32Z] [LAPTOP-AHBS9745] [push] 40 file(s) changed: .wabblespec/INDEX.md, .wabblespec/engine/modules/l1/explore/SKILL.md, .wabblespec/engine/modules/l1/test/SKILL.md, .wabblespec/engine/modules/l2/economy/SKILL.md, .wabblespec/engine/modules/l2/executor/SKILL.md ...
[2026-05-31T00:37:32Z] [LAPTOP-AHBS9745] [push] git add failed: fatal: Unable to create 'C:/Vaults/WabbleSpec v6.1/.git/index.lock': File exists.

Another git process seems to be running in this repository, e.g.
an editor opened by 'git commit'. Please make sure all processes
are terminated then try again. If it still fails, a git process
may have crashed in this repository earlier:
remove the file manually to continue.
[2026-05-31T00:37:45Z] [LAPTOP-AHBS9745] [pull] already up to date
[2026-05-31T00:42:52Z] [LAPTOP-AHBS9745] [push] 40 file(s) changed: .wabblespec/INDEX.md, .wabblespec/engine/modules/l1/explore/SKILL.md, .wabblespec/engine/modules/l1/test/SKILL.md, .wabblespec/engine/modules/l2/economy/SKILL.md, .wabblespec/engine/modules/l2/executor/SKILL.md ...
[2026-05-31T00:42:52Z] [LAPTOP-AHBS9745] [push] git add failed: fatal: Unable to create 'C:/Vaults/WabbleSpec v6.1/.git/index.lock': File exists.

Another git process seems to be running in this repository, e.g.
an editor opened by 'git commit'. Please make sure all processes
are terminated then try again. If it still fails, a git process
may have crashed in this repository earlier:
remove the file manually to continue.
[2026-05-31T00:44:03Z] [LAPTOP-AHBS9745] [push] 40 file(s) changed: .wabblespec/INDEX.md, .wabblespec/engine/modules/l1/explore/SKILL.md, .wabblespec/engine/modules/l1/test/SKILL.md, .wabblespec/engine/modules/l2/economy/SKILL.md, .wabblespec/engine/modules/l2/executor/SKILL.md ...
[2026-05-31T00:44:03Z] [LAPTOP-AHBS9745] [push] git add failed: fatal: Unable to create 'C:/Vaults/WabbleSpec v6.1/.git/index.lock': File exists.

Another git process seems to be running in this repository, e.g.
an editor opened by 'git commit'. Please make sure all processes
are terminated then try again. If it still fails, a git process
may have crashed in this repository earlier:
remove the file manually to continue.
[2026-05-31T00:47:06Z] [LAPTOP-AHBS9745] [push] 40 file(s) changed: .wabblespec/INDEX.md, .wabblespec/engine/modules/l1/explore/SKILL.md, .wabblespec/engine/modules/l1/test/SKILL.md, .wabblespec/engine/modules/l2/economy/SKILL.md, .wabblespec/engine/modules/l2/executor/SKILL.md ...
[2026-05-31T00:47:06Z] [LAPTOP-AHBS9745] [push] git add failed: fatal: Unable to create 'C:/Vaults/WabbleSpec v6.1/.git/index.lock': File exists.

Another git process seems to be running in this repository, e.g.
an editor opened by 'git commit'. Please make sure all processes
are terminated then try again. If it still fails, a git process
may have crashed in this repository earlier:
remove the file manually to continue.
[2026-05-31T00:47:13Z] [LAPTOP-AHBS9745] [pull] already up to date
[2026-05-31T00:57:26Z] [LAPTOP-AHBS9745] [push] 40 file(s) changed: .wabblespec/INDEX.md, .wabblespec/engine/modules/l1/explore/SKILL.md, .wabblespec/engine/modules/l1/test/SKILL.md, .wabblespec/engine/modules/l2/economy/SKILL.md, .wabblespec/engine/modules/l2/executor/SKILL.md ...
[2026-05-31T00:57:26Z] [LAPTOP-AHBS9745] [push] git add failed: fatal: Unable to create 'C:/Vaults/WabbleSpec v6.1/.git/index.lock': File exists.

Another git process seems to be running in this repository, e.g.
an editor opened by 'git commit'. Please make sure all processes
are terminated then try again. If it still fails, a git process
may have crashed in this repository earlier:
remove the file manually to continue.
[2026-05-31T00:59:42Z] [LAPTOP-AHBS9745] [push] 40 file(s) changed: .wabblespec/INDEX.md, .wabblespec/engine/modules/l1/explore/SKILL.md, .wabblespec/engine/modules/l1/test/SKILL.md, .wabblespec/engine/modules/l2/economy/SKILL.md, .wabblespec/engine/modules/l2/executor/SKILL.md ...
[2026-05-31T00:59:42Z] [LAPTOP-AHBS9745] [push] git add failed: fatal: Unable to create 'C:/Vaults/WabbleSpec v6.1/.git/index.lock': File exists.

Another git process seems to be running in this repository, e.g.
an editor opened by 'git commit'. Please make sure all processes
are terminated then try again. If it still fails, a git process
may have crashed in this repository earlier:
remove the file manually to continue.
[2026-05-31T01:05:35Z] [LAPTOP-AHBS9745] [push] 40 file(s) changed: .wabblespec/INDEX.md, .wabblespec/engine/modules/l1/explore/SKILL.md, .wabblespec/engine/modules/l1/test/SKILL.md, .wabblespec/engine/modules/l2/economy/SKILL.md, .wabblespec/engine/modules/l2/executor/SKILL.md ...
[2026-05-31T01:05:35Z] [LAPTOP-AHBS9745] [push] git add failed: fatal: Unable to create 'C:/Vaults/WabbleSpec v6.1/.git/index.lock': File exists.

Another git process seems to be running in this repository, e.g.
an editor opened by 'git commit'. Please make sure all processes
are terminated then try again. If it still fails, a git process
may have crashed in this repository earlier:
remove the file manually to continue.
[2026-05-31T01:24:39Z] [LAPTOP-AHBS9745] [push] 55 file(s) changed: .wabblespec/INDEX.md, .wabblespec/engine/modules/l1/explore/SKILL.md, .wabblespec/engine/modules/l1/specify/SKILL.md, .wabblespec/engine/modules/l1/test/SKILL.md, .wabblespec/engine/modules/l2/economy/SKILL.md ...
[2026-05-31T01:24:39Z] [LAPTOP-AHBS9745] [push] git add failed: fatal: Unable to create 'C:/Vaults/WabbleSpec v6.1/.git/index.lock': File exists.

Another git process seems to be running in this repository, e.g.
an editor opened by 'git commit'. Please make sure all processes
are terminated then try again. If it still fails, a git process
may have crashed in this repository earlier:
remove the file manually to continue.
[2026-05-31T05:38:52Z] [LAPTOP-AHBS9745] [push] 55 file(s) changed: .wabblespec/INDEX.md, .wabblespec/engine/modules/l1/explore/SKILL.md, .wabblespec/engine/modules/l1/specify/SKILL.md, .wabblespec/engine/modules/l1/test/SKILL.md, .wabblespec/engine/modules/l2/economy/SKILL.md ...
[2026-05-31T05:38:52Z] [LAPTOP-AHBS9745] [push] git add failed: fatal: Unable to create 'C:/Vaults/WabbleSpec v6.1/.git/index.lock': File exists.

Another git process seems to be running in this repository, e.g.
an editor opened by 'git commit'. Please make sure all processes
are terminated then try again. If it still fails, a git process
may have crashed in this repository earlier:
remove the file manually to continue.
[2026-05-31T05:45:28Z] [LAPTOP-AHBS9745] [pull] already up to date
[2026-05-31T06:02:44Z] [LAPTOP-AHBS9745] [push] 55 file(s) changed: .wabblespec/INDEX.md, .wabblespec/engine/modules/l1/explore/SKILL.md, .wabblespec/engine/modules/l1/specify/SKILL.md, .wabblespec/engine/modules/l1/test/SKILL.md, .wabblespec/engine/modules/l2/economy/SKILL.md ...
[2026-05-31T06:02:44Z] [LAPTOP-AHBS9745] [push] git add failed: fatal: Unable to create 'C:/Vaults/WabbleSpec v6.1/.git/index.lock': File exists.

Another git process seems to be running in this repository, e.g.
an editor opened by 'git commit'. Please make sure all processes
are terminated then try again. If it still fails, a git process
may have crashed in this repository earlier:
remove the file manually to continue.
[2026-05-31T06:10:56Z] [LAPTOP-AHBS9745] [push] 57 file(s) changed: .wabblespec/INDEX.md, .wabblespec/engine/modules/l1/explore/SKILL.md, .wabblespec/engine/modules/l1/specify/SKILL.md, .wabblespec/engine/modules/l1/test/SKILL.md, .wabblespec/engine/modules/l2/adversary/SKILL.md ...
[2026-05-31T06:10:56Z] [LAPTOP-AHBS9745] [push] git add failed: fatal: Unable to create 'C:/Vaults/WabbleSpec v6.1/.git/index.lock': File exists.

Another git process seems to be running in this repository, e.g.
an editor opened by 'git commit'. Please make sure all processes
are terminated then try again. If it still fails, a git process
may have crashed in this repository earlier:
remove the file manually to continue.
[2026-05-31T06:30:50Z] [LAPTOP-AHBS9745] [push] 58 file(s) changed: .wabblespec/INDEX.md, .wabblespec/engine/modules/l1/explore/SKILL.md, .wabblespec/engine/modules/l1/specify/SKILL.md, .wabblespec/engine/modules/l1/test/SKILL.md, .wabblespec/engine/modules/l2/adversary/SKILL.md ...
[2026-05-31T06:30:50Z] [LAPTOP-AHBS9745] [push] git add failed: fatal: Unable to create 'C:/Vaults/WabbleSpec v6.1/.git/index.lock': File exists.

Another git process seems to be running in this repository, e.g.
an editor opened by 'git commit'. Please make sure all processes
are terminated then try again. If it still fails, a git process
may have crashed in this repository earlier:
remove the file manually to continue.
[2026-05-31T08:27:09Z] [LAPTOP-AHBS9745] [pull] already up to date
[2026-05-31T08:28:54Z] [LAPTOP-AHBS9745] [pull] already up to date
[2026-05-31T08:36:02Z] [LAPTOP-AHBS9745] [push] 58 file(s) changed: .wabblespec/INDEX.md, .wabblespec/engine/modules/l1/explore/SKILL.md, .wabblespec/engine/modules/l1/specify/SKILL.md, .wabblespec/engine/modules/l1/test/SKILL.md, .wabblespec/engine/modules/l2/adversary/SKILL.md ...
[2026-05-31T08:36:02Z] [LAPTOP-AHBS9745] [push] git add failed: fatal: Unable to create 'C:/Vaults/WabbleSpec v6.1/.git/index.lock': File exists.

Another git process seems to be running in this repository, e.g.
an editor opened by 'git commit'. Please make sure all processes
are terminated then try again. If it still fails, a git process
may have crashed in this repository earlier:
remove the file manually to continue.
[2026-05-31T08:45:46Z] [LAPTOP-AHBS9745] [push] 58 file(s) changed: .wabblespec/INDEX.md, .wabblespec/engine/modules/l1/explore/SKILL.md, .wabblespec/engine/modules/l1/specify/SKILL.md, .wabblespec/engine/modules/l1/test/SKILL.md, .wabblespec/engine/modules/l2/adversary/SKILL.md ...
[2026-05-31T08:45:46Z] [LAPTOP-AHBS9745] [push] git add failed: fatal: Unable to create 'C:/Vaults/WabbleSpec v6.1/.git/index.lock': File exists.

Another git process seems to be running in this repository, e.g.
an editor opened by 'git commit'. Please make sure all processes
are terminated then try again. If it still fails, a git process
may have crashed in this repository earlier:
remove the file manually to continue.
[2026-05-31T09:27:29Z] [LAPTOP-AHBS9745] [push] 61 file(s) changed: .wabblespec/INDEX.md, .wabblespec/engine/modules/l1/explore/SKILL.md, .wabblespec/engine/modules/l1/specify/SKILL.md, .wabblespec/engine/modules/l1/test/SKILL.md, .wabblespec/engine/modules/l2/adversary/SKILL.md ...
[2026-05-31T09:27:29Z] [LAPTOP-AHBS9745] [push] git add failed: fatal: Unable to create 'C:/Vaults/WabbleSpec v6.1/.git/index.lock': File exists.

Another git process seems to be running in this repository, e.g.
an editor opened by 'git commit'. Please make sure all processes
are terminated then try again. If it still fails, a git process
may have crashed in this repository earlier:
remove the file manually to continue.
[2026-05-31T09:30:11Z] [LAPTOP-AHBS9745] [pull] already up to date
[2026-05-31T09:31:52Z] [LAPTOP-AHBS9745] [pull] already up to date
[2026-05-31T09:32:51Z] [LAPTOP-AHBS9745] [pull] already up to date
[2026-05-31T09:33:55Z] [LAPTOP-AHBS9745] [push] 70 file(s) changed: .wabblespec/INDEX.md, .wabblespec/engine/modules/l0/recipe/SKILL.md, .wabblespec/engine/modules/l0/runtime-probe/SKILL.md, .wabblespec/engine/modules/l1/analyze/SKILL.md, .wabblespec/engine/modules/l1/clean/SKILL.md ...
[2026-05-31T09:33:55Z] [LAPTOP-AHBS9745] [push] git add failed: fatal: Unable to create 'C:/Vaults/WabbleSpec v6.1/.git/index.lock': File exists.

Another git process seems to be running in this repository, e.g.
an editor opened by 'git commit'. Please make sure all processes
are terminated then try again. If it still fails, a git process
may have crashed in this repository earlier:
remove the file manually to continue.
[2026-05-31T09:36:38Z] [LAPTOP-AHBS9745] [push] 71 file(s) changed: .wabblespec/INDEX.md, .wabblespec/engine/modules/l0/recipe/SKILL.md, .wabblespec/engine/modules/l0/runtime-probe/SKILL.md, .wabblespec/engine/modules/l1/analyze/SKILL.md, .wabblespec/engine/modules/l1/clean/SKILL.md ...
[2026-05-31T09:36:38Z] [LAPTOP-AHBS9745] [push] git add failed: fatal: Unable to create 'C:/Vaults/WabbleSpec v6.1/.git/index.lock': File exists.

Another git process seems to be running in this repository, e.g.
an editor opened by 'git commit'. Please make sure all processes
are terminated then try again. If it still fails, a git process
may have crashed in this repository earlier:
remove the file manually to continue.
[2026-05-31T09:38:19Z] [LAPTOP-AHBS9745] [push] 71 file(s) changed: .wabblespec/INDEX.md, .wabblespec/engine/modules/l0/recipe/SKILL.md, .wabblespec/engine/modules/l0/runtime-probe/SKILL.md, .wabblespec/engine/modules/l1/analyze/SKILL.md, .wabblespec/engine/modules/l1/clean/SKILL.md ...
[2026-05-31T09:38:19Z] [LAPTOP-AHBS9745] [push] git add failed: fatal: Unable to create 'C:/Vaults/WabbleSpec v6.1/.git/index.lock': File exists.

Another git process seems to be running in this repository, e.g.
an editor opened by 'git commit'. Please make sure all processes
are terminated then try again. If it still fails, a git process
may have crashed in this repository earlier:
remove the file manually to continue.
[2026-05-31T09:40:40Z] [LAPTOP-AHBS9745] [pull] already up to date
[2026-05-31T09:41:08Z] [LAPTOP-AHBS9745] [push] 71 file(s) changed: .wabblespec/INDEX.md, .wabblespec/engine/modules/l0/recipe/SKILL.md, .wabblespec/engine/modules/l0/runtime-probe/SKILL.md, .wabblespec/engine/modules/l1/analyze/SKILL.md, .wabblespec/engine/modules/l1/clean/SKILL.md ...
[2026-05-31T09:41:08Z] [LAPTOP-AHBS9745] [push] git add failed: fatal: Unable to create 'C:/Vaults/WabbleSpec v6.1/.git/index.lock': File exists.

Another git process seems to be running in this repository, e.g.
an editor opened by 'git commit'. Please make sure all processes
are terminated then try again. If it still fails, a git process
may have crashed in this repository earlier:
remove the file manually to continue.
[2026-05-31T09:43:48Z] [LAPTOP-AHBS9745] [push] 72 file(s) changed: .wabblespec/INDEX.md, .wabblespec/engine/modules/l0/recipe/SKILL.md, .wabblespec/engine/modules/l0/runtime-probe/SKILL.md, .wabblespec/engine/modules/l1/analyze/SKILL.md, .wabblespec/engine/modules/l1/clean/SKILL.md ...
[2026-05-31T09:43:48Z] [LAPTOP-AHBS9745] [push] git add failed: fatal: Unable to create 'C:/Vaults/WabbleSpec v6.1/.git/index.lock': File exists.

Another git process seems to be running in this repository, e.g.
an editor opened by 'git commit'. Please make sure all processes
are terminated then try again. If it still fails, a git process
may have crashed in this repository earlier:
remove the file manually to continue.
[2026-05-31T09:59:35Z] [LAPTOP-AHBS9745] [push] 87 file(s) changed: .wabblespec/INDEX.md, .wabblespec/engine/modules/l0/recipe/SKILL.md, .wabblespec/engine/modules/l0/runtime-probe/SKILL.md, .wabblespec/engine/modules/l1/analyze/SKILL.md, .wabblespec/engine/modules/l1/clean/SKILL.md ...
[2026-05-31T09:59:35Z] [LAPTOP-AHBS9745] [push] git add failed: fatal: Unable to create 'C:/Vaults/WabbleSpec v6.1/.git/index.lock': File exists.

Another git process seems to be running in this repository, e.g.
an editor opened by 'git commit'. Please make sure all processes
are terminated then try again. If it still fails, a git process
may have crashed in this repository earlier:
remove the file manually to continue.
[2026-05-31T10:08:21Z] [LAPTOP-AHBS9745] [push] 88 file(s) changed: .wabblespec/INDEX.md, .wabblespec/engine/modules/l0/recipe/SKILL.md, .wabblespec/engine/modules/l0/runtime-probe/SKILL.md, .wabblespec/engine/modules/l1/analyze/SKILL.md, .wabblespec/engine/modules/l1/clean/SKILL.md ...
[2026-05-31T10:08:21Z] [LAPTOP-AHBS9745] [push] git add failed: fatal: Unable to create 'C:/Vaults/WabbleSpec v6.1/.git/index.lock': File exists.

Another git process seems to be running in this repository, e.g.
an editor opened by 'git commit'. Please make sure all processes
are terminated then try again. If it still fails, a git process
may have crashed in this repository earlier:
remove the file manually to continue.
[2026-05-31T10:09:17Z] [LAPTOP-AHBS9745] [push] 90 file(s) changed: .wabblespec/INDEX.md, .wabblespec/engine/modules/l0/recipe/SKILL.md, .wabblespec/engine/modules/l0/runtime-probe/SKILL.md, .wabblespec/engine/modules/l1/analyze/SKILL.md, .wabblespec/engine/modules/l1/clean/SKILL.md ...
[2026-05-31T10:09:17Z] [LAPTOP-AHBS9745] [push] git add failed: fatal: Unable to create 'C:/Vaults/WabbleSpec v6.1/.git/index.lock': File exists.

Another git process seems to be running in this repository, e.g.
an editor opened by 'git commit'. Please make sure all processes
are terminated then try again. If it still fails, a git process
may have crashed in this repository earlier:
remove the file manually to continue.
[2026-05-31T10:12:05Z] [LAPTOP-AHBS9745] [push] 93 file(s) changed: .wabblespec/CHANGELOG.md, .wabblespec/INDEX.md, .wabblespec/VERSION, .wabblespec/engine/modules/l0/recipe/SKILL.md, .wabblespec/engine/modules/l0/runtime-probe/SKILL.md ...
[2026-05-31T10:12:05Z] [LAPTOP-AHBS9745] [push] git add failed: fatal: Unable to create 'C:/Vaults/WabbleSpec v6.1/.git/index.lock': File exists.

Another git process seems to be running in this repository, e.g.
an editor opened by 'git commit'. Please make sure all processes
are terminated then try again. If it still fails, a git process
may have crashed in this repository earlier:
remove the file manually to continue.
[2026-05-31T10:12:12Z] [LAPTOP-AHBS9745] [push] 93 file(s) changed: .wabblespec/CHANGELOG.md, .wabblespec/INDEX.md, .wabblespec/VERSION, .wabblespec/engine/modules/l0/recipe/SKILL.md, .wabblespec/engine/modules/l0/runtime-probe/SKILL.md ...
[2026-05-31T10:12:12Z] [LAPTOP-AHBS9745] [push] git add failed: fatal: Unable to create 'C:/Vaults/WabbleSpec v6.1/.git/index.lock': File exists.

Another git process seems to be running in this repository, e.g.
an editor opened by 'git commit'. Please make sure all processes
are terminated then try again. If it still fails, a git process
may have crashed in this repository earlier:
remove the file manually to continue.
[2026-05-31T10:12:40Z] [LAPTOP-AHBS9745] [push] 94 file(s) changed: .wabblespec/CHANGELOG.md, .wabblespec/INDEX.md, .wabblespec/VERSION, .wabblespec/engine/modules/l0/recipe/SKILL.md, .wabblespec/engine/modules/l0/runtime-probe/SKILL.md ...
[2026-05-31T10:12:40Z] [LAPTOP-AHBS9745] [push] git add failed: fatal: Unable to create 'C:/Vaults/WabbleSpec v6.1/.git/index.lock': File exists.

Another git process seems to be running in this repository, e.g.
an editor opened by 'git commit'. Please make sure all processes
are terminated then try again. If it still fails, a git process
may have crashed in this repository earlier:
remove the file manually to continue.
[2026-05-31T11:19:52Z] [LAPTOP-AHBS9745] [pull] already up to date
[2026-05-31T11:21:10Z] [LAPTOP-AHBS9745] [pull] already up to date
[2026-05-31T11:21:52Z] [LAPTOP-AHBS9745] [pull] already up to date
[2026-05-31T11:22:45Z] [LAPTOP-AHBS9745] [pull] already up to date
[2026-05-31T11:32:14Z] [LAPTOP-AHBS9745] [push] 95 file(s) changed: .wabblespec/CHANGELOG.md, .wabblespec/INDEX.md, .wabblespec/VERSION, .wabblespec/engine/modules/l0/recipe/SKILL.md, .wabblespec/engine/modules/l0/runtime-probe/SKILL.md ...
[2026-05-31T11:32:14Z] [LAPTOP-AHBS9745] [push] git add failed: fatal: Unable to create 'C:/Vaults/WabbleSpec v6.1/.git/index.lock': File exists.

Another git process seems to be running in this repository, e.g.
an editor opened by 'git commit'. Please make sure all processes
are terminated then try again. If it still fails, a git process
may have crashed in this repository earlier:
remove the file manually to continue.
[2026-05-31T11:37:22Z] [LAPTOP-AHBS9745] [push] 97 file(s) changed: .wabblespec/CHANGELOG.md, .wabblespec/INDEX.md, .wabblespec/VERSION, .wabblespec/engine/modules/l0/recipe/SKILL.md, .wabblespec/engine/modules/l0/runtime-probe/SKILL.md ...
[2026-05-31T11:37:22Z] [LAPTOP-AHBS9745] [push] git add failed: fatal: Unable to create 'C:/Vaults/WabbleSpec v6.1/.git/index.lock': File exists.

Another git process seems to be running in this repository, e.g.
an editor opened by 'git commit'. Please make sure all processes
are terminated then try again. If it still fails, a git process
may have crashed in this repository earlier:
remove the file manually to continue.
[2026-05-31T11:37:59Z] [LAPTOP-AHBS9745] [push] 97 file(s) changed: .wabblespec/CHANGELOG.md, .wabblespec/INDEX.md, .wabblespec/VERSION, .wabblespec/engine/modules/l0/recipe/SKILL.md, .wabblespec/engine/modules/l0/runtime-probe/SKILL.md ...
[2026-05-31T11:37:59Z] [LAPTOP-AHBS9745] [push] git add failed: fatal: Unable to create 'C:/Vaults/WabbleSpec v6.1/.git/index.lock': File exists.

Another git process seems to be running in this repository, e.g.
an editor opened by 'git commit'. Please make sure all processes
are terminated then try again. If it still fails, a git process
may have crashed in this repository earlier:
remove the file manually to continue.
[2026-05-31T11:37:59Z] [LAPTOP-AHBS9745] [pull] already up to date
[2026-05-31T11:47:58Z] [LAPTOP-AHBS9745] [push] 101 file(s) changed: .wabblespec/CHANGELOG.md, .wabblespec/INDEX.md, .wabblespec/VERSION, .wabblespec/engine/modules/l0/recipe/SKILL.md, .wabblespec/engine/modules/l0/runtime-probe/SKILL.md ...
[2026-05-31T11:47:58Z] [LAPTOP-AHBS9745] [push] git add failed: fatal: Unable to create 'C:/Vaults/WabbleSpec v6.1/.git/index.lock': File exists.

Another git process seems to be running in this repository, e.g.
an editor opened by 'git commit'. Please make sure all processes
are terminated then try again. If it still fails, a git process
may have crashed in this repository earlier:
remove the file manually to continue.
[2026-05-31T11:50:57Z] [LAPTOP-AHBS9745] [push] 102 file(s) changed: .wabblespec/CHANGELOG.md, .wabblespec/INDEX.md, .wabblespec/VERSION, .wabblespec/engine/modules/l0/recipe/SKILL.md, .wabblespec/engine/modules/l0/runtime-probe/SKILL.md ...
[2026-05-31T11:50:57Z] [LAPTOP-AHBS9745] [push] git add failed: fatal: Unable to create 'C:/Vaults/WabbleSpec v6.1/.git/index.lock': File exists.

Another git process seems to be running in this repository, e.g.
an editor opened by 'git commit'. Please make sure all processes
are terminated then try again. If it still fails, a git process
may have crashed in this repository earlier:
remove the file manually to continue.
[2026-05-31T11:52:47Z] [LAPTOP-AHBS9745] [push] 102 file(s) changed: .wabblespec/CHANGELOG.md, .wabblespec/INDEX.md, .wabblespec/VERSION, .wabblespec/engine/modules/l0/recipe/SKILL.md, .wabblespec/engine/modules/l0/runtime-probe/SKILL.md ...
[2026-05-31T11:52:47Z] [LAPTOP-AHBS9745] [push] git add failed: fatal: Unable to create 'C:/Vaults/WabbleSpec v6.1/.git/index.lock': File exists.

Another git process seems to be running in this repository, e.g.
an editor opened by 'git commit'. Please make sure all processes
are terminated then try again. If it still fails, a git process
may have crashed in this repository earlier:
remove the file manually to continue.
[2026-05-31T11:53:31Z] [LAPTOP-AHBS9745] [pull] already up to date
[2026-05-31T11:53:48Z] [LAPTOP-AHBS9745] [pull] already up to date
[2026-05-31T11:54:23Z] [LAPTOP-AHBS9745] [pull] already up to date
[2026-05-31T11:56:12Z] [LAPTOP-AHBS9745] [push] 104 file(s) changed: .wabblespec/CHANGELOG.md, .wabblespec/INDEX.md, .wabblespec/VERSION, .wabblespec/engine/modules/l0/recipe/SKILL.md, .wabblespec/engine/modules/l0/runtime-probe/SKILL.md ...
[2026-05-31T11:56:12Z] [LAPTOP-AHBS9745] [push] git add failed: fatal: Unable to create 'C:/Vaults/WabbleSpec v6.1/.git/index.lock': File exists.

Another git process seems to be running in this repository, e.g.
an editor opened by 'git commit'. Please make sure all processes
are terminated then try again. If it still fails, a git process
may have crashed in this repository earlier:
remove the file manually to continue.
[2026-05-31T12:03:25Z] [LAPTOP-AHBS9745] [push] 104 file(s) changed: .wabblespec/CHANGELOG.md, .wabblespec/INDEX.md, .wabblespec/VERSION, .wabblespec/engine/modules/l0/recipe/SKILL.md, .wabblespec/engine/modules/l0/runtime-probe/SKILL.md ...
[2026-05-31T12:03:25Z] [LAPTOP-AHBS9745] [push] git add failed: fatal: Unable to create 'C:/Vaults/WabbleSpec v6.1/.git/index.lock': File exists.

Another git process seems to be running in this repository, e.g.
an editor opened by 'git commit'. Please make sure all processes
are terminated then try again. If it still fails, a git process
may have crashed in this repository earlier:
remove the file manually to continue.
[2026-05-31T12:07:53Z] [LAPTOP-AHBS9745] [push] 105 file(s) changed: .wabblespec/CHANGELOG.md, .wabblespec/INDEX.md, .wabblespec/VERSION, .wabblespec/engine/modules/l0/recipe/SKILL.md, .wabblespec/engine/modules/l0/runtime-probe/SKILL.md ...
[2026-05-31T12:07:53Z] [LAPTOP-AHBS9745] [push] git add failed: fatal: Unable to create 'C:/Vaults/WabbleSpec v6.1/.git/index.lock': File exists.

Another git process seems to be running in this repository, e.g.
an editor opened by 'git commit'. Please make sure all processes
are terminated then try again. If it still fails, a git process
may have crashed in this repository earlier:
remove the file manually to continue.
[2026-05-31T12:08:51Z] [LAPTOP-AHBS9745] [push] 105 file(s) changed: .wabblespec/CHANGELOG.md, .wabblespec/INDEX.md, .wabblespec/VERSION, .wabblespec/engine/modules/l0/recipe/SKILL.md, .wabblespec/engine/modules/l0/runtime-probe/SKILL.md ...
[2026-05-31T12:08:51Z] [LAPTOP-AHBS9745] [push] git add failed: fatal: Unable to create 'C:/Vaults/WabbleSpec v6.1/.git/index.lock': File exists.

Another git process seems to be running in this repository, e.g.
an editor opened by 'git commit'. Please make sure all processes
are terminated then try again. If it still fails, a git process
may have crashed in this repository earlier:
remove the file manually to continue.
[2026-05-31T12:10:52Z] [LAPTOP-AHBS9745] [push] 105 file(s) changed: .wabblespec/CHANGELOG.md, .wabblespec/INDEX.md, .wabblespec/VERSION, .wabblespec/engine/modules/l0/recipe/SKILL.md, .wabblespec/engine/modules/l0/runtime-probe/SKILL.md ...
[2026-05-31T12:10:52Z] [LAPTOP-AHBS9745] [push] git add failed: fatal: Unable to create 'C:/Vaults/WabbleSpec v6.1/.git/index.lock': File exists.

Another git process seems to be running in this repository, e.g.
an editor opened by 'git commit'. Please make sure all processes
are terminated then try again. If it still fails, a git process
may have crashed in this repository earlier:
remove the file manually to continue.
[2026-05-31T14:37:22Z] [LAPTOP-AHBS9745] [pull] already up to date
[2026-05-31T14:37:31Z] [LAPTOP-AHBS9745] [pull] already up to date
